filepath,label,split
..\kue_raw\train\kue_dadar_gulung\000001.jpg,kue_dadar_gulung,train
..\kue_raw\train\kue_dadar_gulung\000002.jpg,kue_dadar_gulung,train
..\kue_raw\train\kue_dadar_gulung\000003.jpg,kue_dadar_gulung,train
..\kue_raw\train\kue_dadar_gulung\000004.jpg,kue_dadar_gulung,train
..\kue_raw\train\kue_dadar_gulung\000005.jpg,kue_dadar_gulung,train
..\kue_raw\train\kue_dadar_gulung\000006.jpg,kue_dadar_gulung,train
..\kue_raw\train\kue_dadar_gulung\000007.jpg,kue_dadar_gulung,train
..\kue_raw\train\kue_dadar_gulung\000008.jpg,kue_dadar_gulung,train
..\kue_raw\train\kue_dadar_gulung\000009.jpg,kue_dadar_gulung,train
..\kue_raw\train\kue_dadar_gulung\000010.jpg,kue_dadar_gulung,train
..\kue_raw\train\kue_dadar_gulung\000011.png,kue_dadar_gulung,train
..\kue_raw\train\kue_dadar_gulung\000012.jpg,kue_dadar_gulung,train
..\kue_raw\train\kue_dadar_gulung\000013.jpg,kue_dadar_gulung,train
..\kue_raw\train\kue_dadar_gulung\000014.jpg,kue_dadar_gulung,train
..\kue_raw\train\kue_dadar_gulung\000015.jpg,kue_dadar_gulung,train
..\kue_raw\train\kue_dadar_gulung\000016.jpg,kue_dadar_gulung,train
..\kue_raw\train\kue_dadar_gulung\000017.jpg,kue_dadar_gulung,train
..\kue_raw\train\kue_dadar_gulung\000018.jpg,kue_dadar_gulung,train
..\kue_raw\train\kue_dadar_gulung\000019.jpg,kue_dadar_gulung,train
..\kue_raw\train\kue_dadar_gulung\000020.jpg,kue_dadar_gulung,train
..\kue_raw\train\kue_dadar_gulung\000021.jpg,kue_dadar_gulung,train
..\kue_raw\train\kue_dadar_gulung\000022.jpg,kue_dadar_gulung,train
..\kue_raw\train\kue_dadar_gulung\000023.jpg,kue_dadar_gulung,train
..\kue_raw\train\kue_dadar_gulung\000024.png,kue_dadar_gulung,train
..\kue_raw\train\kue_dadar_gulung\000025.jpg,kue_dadar_gulung,train
..\kue_raw\train\kue_dadar_gulung\000026.jpg,kue_dadar_gulung,train
..\kue_raw\train\kue_dadar_gulung\000027.jpg,kue_dadar_gulung,train
..\kue_raw\train\kue_dadar_gulung\000028.jpg,kue_dadar_gulung,train
..\kue_raw\train\kue_dadar_gulung\000029.jpg,kue_dadar_gulung,train
..\kue_raw\train\kue_dadar_gulung\000030.jpg,kue_dadar_gulung,train
..\kue_raw\train\kue_dadar_gulung\000031.jpg,kue_dadar_gulung,train
..\kue_raw\train\kue_dadar_gulung\000032.jpg,kue_dadar_gulung,train
..\kue_raw\train\kue_dadar_gulung\000033.jpg,kue_dadar_gulung,train
..\kue_raw\train\kue_dadar_gulung\000034.jpg,kue_dadar_gulung,train
..\kue_raw\train\kue_dadar_gulung\000035.jpg,kue_dadar_gulung,train
..\kue_raw\train\kue_dadar_gulung\000036.png,kue_dadar_gulung,train
..\kue_raw\train\kue_dadar_gulung\000037.jpg,kue_dadar_gulung,train
..\kue_raw\train\kue_dadar_gulung\000038.jpg,kue_dadar_gulung,train
..\kue_raw\train\kue_dadar_gulung\000039.jpg,kue_dadar_gulung,train
..\kue_raw\train\kue_dadar_gulung\000040.jpg,kue_dadar_gulung,train
..\kue_raw\train\kue_dadar_gulung\000041.jpg,kue_dadar_gulung,train
..\kue_raw\train\kue_dadar_gulung\000042.jpg,kue_dadar_gulung,train
..\kue_raw\train\kue_dadar_gulung\000043.jpg,kue_dadar_gulung,train
..\kue_raw\train\kue_dadar_gulung\000044.jpg,kue_dadar_gulung,train
..\kue_raw\train\kue_dadar_gulung\000045.jpg,kue_dadar_gulung,train
..\kue_raw\train\kue_dadar_gulung\000046.jpg,kue_dadar_gulung,train
..\kue_raw\train\kue_dadar_gulung\000047.jpg,kue_dadar_gulung,train
..\kue_raw\train\kue_dadar_gulung\000048.jpg,kue_dadar_gulung,train
..\kue_raw\train\kue_dadar_gulung\000049.png,kue_dadar_gulung,train
..\kue_raw\train\kue_dadar_gulung\000050.jpg,kue_dadar_gulung,train
..\kue_raw\train\kue_dadar_gulung\000051.png,kue_dadar_gulung,train
..\kue_raw\train\kue_dadar_gulung\000052.jpg,kue_dadar_gulung,train
..\kue_raw\train\kue_dadar_gulung\000053.jpg,kue_dadar_gulung,train
..\kue_raw\train\kue_dadar_gulung\000054.jpg,kue_dadar_gulung,train
..\kue_raw\train\kue_dadar_gulung\000055.jpg,kue_dadar_gulung,train
..\kue_raw\train\kue_dadar_gulung\000056.jpg,kue_dadar_gulung,train
..\kue_raw\train\kue_dadar_gulung\000057.jpg,kue_dadar_gulung,train
..\kue_raw\train\kue_dadar_gulung\000058.jpg,kue_dadar_gulung,train
..\kue_raw\train\kue_dadar_gulung\000059.jpg,kue_dadar_gulung,train
..\kue_raw\train\kue_dadar_gulung\000060.jpg,kue_dadar_gulung,train
..\kue_raw\train\kue_dadar_gulung\000061.jpg,kue_dadar_gulung,train
..\kue_raw\train\kue_dadar_gulung\000062.jpg,kue_dadar_gulung,train
..\kue_raw\train\kue_dadar_gulung\000063.jpg,kue_dadar_gulung,train
..\kue_raw\train\kue_dadar_gulung\000064.jpg,kue_dadar_gulung,train
..\kue_raw\train\kue_dadar_gulung\000065.jpg,kue_dadar_gulung,train
..\kue_raw\train\kue_dadar_gulung\000066.jpg,kue_dadar_gulung,train
..\kue_raw\train\kue_dadar_gulung\000067.jpg,kue_dadar_gulung,train
..\kue_raw\train\kue_dadar_gulung\000068.jpg,kue_dadar_gulung,train
..\kue_raw\train\kue_dadar_gulung\000069.jpg,kue_dadar_gulung,train
..\kue_raw\train\kue_dadar_gulung\000070.jpg,kue_dadar_gulung,train
..\kue_raw\train\kue_dadar_gulung\000071.jpg,kue_dadar_gulung,train
..\kue_raw\train\kue_dadar_gulung\000072.png,kue_dadar_gulung,train
..\kue_raw\train\kue_dadar_gulung\000073.jpg,kue_dadar_gulung,train
..\kue_raw\train\kue_dadar_gulung\000074.jpg,kue_dadar_gulung,train
..\kue_raw\train\kue_dadar_gulung\000075.jpg,kue_dadar_gulung,train
..\kue_raw\train\kue_dadar_gulung\000076.jpg,kue_dadar_gulung,train
..\kue_raw\train\kue_dadar_gulung\000077.jpg,kue_dadar_gulung,train
..\kue_raw\train\kue_dadar_gulung\000078.jpg,kue_dadar_gulung,train
..\kue_raw\train\kue_dadar_gulung\000079.jpg,kue_dadar_gulung,train
..\kue_raw\train\kue_dadar_gulung\000080.jpg,kue_dadar_gulung,train
..\kue_raw\train\kue_dadar_gulung\000081.jpg,kue_dadar_gulung,train
..\kue_raw\train\kue_dadar_gulung\000082.jpg,kue_dadar_gulung,train
..\kue_raw\train\kue_dadar_gulung\000083.jpg,kue_dadar_gulung,train
..\kue_raw\train\kue_dadar_gulung\000084.jpg,kue_dadar_gulung,train
..\kue_raw\train\kue_dadar_gulung\000085.jpg,kue_dadar_gulung,train
..\kue_raw\train\kue_dadar_gulung\000086.jpg,kue_dadar_gulung,train
..\kue_raw\train\kue_dadar_gulung\000087.jpg,kue_dadar_gulung,train
..\kue_raw\train\kue_dadar_gulung\000088.jpg,kue_dadar_gulung,train
..\kue_raw\train\kue_dadar_gulung\000089.jpg,kue_dadar_gulung,train
..\kue_raw\train\kue_dadar_gulung\000090.png,kue_dadar_gulung,train
..\kue_raw\train\kue_dadar_gulung\000091.jpg,kue_dadar_gulung,train
..\kue_raw\train\kue_dadar_gulung\000092.jpg,kue_dadar_gulung,train
..\kue_raw\train\kue_dadar_gulung\000093.jpg,kue_dadar_gulung,train
..\kue_raw\train\kue_dadar_gulung\000094.jpg,kue_dadar_gulung,train
..\kue_raw\train\kue_dadar_gulung\000095.jpg,kue_dadar_gulung,train
..\kue_raw\train\kue_dadar_gulung\000096.jpg,kue_dadar_gulung,train
..\kue_raw\train\kue_dadar_gulung\000097.jpg,kue_dadar_gulung,train
..\kue_raw\train\kue_dadar_gulung\000098.jpg,kue_dadar_gulung,train
..\kue_raw\train\kue_dadar_gulung\000099.jpg,kue_dadar_gulung,train
..\kue_raw\train\kue_dadar_gulung\000100.jpg,kue_dadar_gulung,train
..\kue_raw\train\kue_dadar_gulung\000101.jpg,kue_dadar_gulung,train
..\kue_raw\train\kue_dadar_gulung\000102.jpg,kue_dadar_gulung,train
..\kue_raw\train\kue_dadar_gulung\000103.jpg,kue_dadar_gulung,train
..\kue_raw\train\kue_dadar_gulung\000104.jpg,kue_dadar_gulung,train
..\kue_raw\train\kue_dadar_gulung\000105.jpg,kue_dadar_gulung,train
..\kue_raw\train\kue_dadar_gulung\000106.jpg,kue_dadar_gulung,train
..\kue_raw\train\kue_dadar_gulung\000107.jpg,kue_dadar_gulung,train
..\kue_raw\train\kue_dadar_gulung\000108.jpg,kue_dadar_gulung,train
..\kue_raw\train\kue_dadar_gulung\000109.jpg,kue_dadar_gulung,train
..\kue_raw\train\kue_dadar_gulung\000110.jpg,kue_dadar_gulung,train
..\kue_raw\train\kue_dadar_gulung\000111.jpg,kue_dadar_gulung,train
..\kue_raw\train\kue_dadar_gulung\000112.jpg,kue_dadar_gulung,train
..\kue_raw\train\kue_dadar_gulung\000113.jpg,kue_dadar_gulung,train
..\kue_raw\train\kue_dadar_gulung\000114.jpg,kue_dadar_gulung,train
..\kue_raw\train\kue_dadar_gulung\000115.jpg,kue_dadar_gulung,train
..\kue_raw\train\kue_dadar_gulung\000116.jpg,kue_dadar_gulung,train
..\kue_raw\train\kue_dadar_gulung\000117.jpg,kue_dadar_gulung,train
..\kue_raw\train\kue_dadar_gulung\000118.png,kue_dadar_gulung,train
..\kue_raw\train\kue_dadar_gulung\000119.jpg,kue_dadar_gulung,train
..\kue_raw\train\kue_dadar_gulung\000120.jpg,kue_dadar_gulung,train
..\kue_raw\train\kue_dadar_gulung\000121.jpg,kue_dadar_gulung,train
..\kue_raw\train\kue_dadar_gulung\000122.jpg,kue_dadar_gulung,train
..\kue_raw\train\kue_dadar_gulung\000123.jpg,kue_dadar_gulung,train
..\kue_raw\train\kue_dadar_gulung\000124.jpg,kue_dadar_gulung,train
..\kue_raw\train\kue_dadar_gulung\000125.jpg,kue_dadar_gulung,train
..\kue_raw\train\kue_dadar_gulung\000126.jpg,kue_dadar_gulung,train
..\kue_raw\train\kue_dadar_gulung\000127.jpg,kue_dadar_gulung,train
..\kue_raw\train\kue_dadar_gulung\000128.jpg,kue_dadar_gulung,train
..\kue_raw\train\kue_dadar_gulung\000129.jpg,kue_dadar_gulung,train
..\kue_raw\train\kue_dadar_gulung\000130.jpg,kue_dadar_gulung,train
..\kue_raw\train\kue_dadar_gulung\000131.jpg,kue_dadar_gulung,train
..\kue_raw\train\kue_dadar_gulung\000132.jpg,kue_dadar_gulung,train
..\kue_raw\train\kue_dadar_gulung\000133.jpg,kue_dadar_gulung,train
..\kue_raw\train\kue_dadar_gulung\000134.jpg,kue_dadar_gulung,train
..\kue_raw\train\kue_dadar_gulung\000135.jpg,kue_dadar_gulung,train
..\kue_raw\train\kue_dadar_gulung\000136.jpg,kue_dadar_gulung,train
..\kue_raw\train\kue_dadar_gulung\000137.jpg,kue_dadar_gulung,train
..\kue_raw\train\kue_dadar_gulung\000138.jpg,kue_dadar_gulung,train
..\kue_raw\train\kue_dadar_gulung\000139.jpg,kue_dadar_gulung,train
..\kue_raw\train\kue_dadar_gulung\000140.jpg,kue_dadar_gulung,train
..\kue_raw\train\kue_dadar_gulung\000141.jpg,kue_dadar_gulung,train
..\kue_raw\train\kue_dadar_gulung\000142.jpg,kue_dadar_gulung,train
..\kue_raw\train\kue_dadar_gulung\000143.jpg,kue_dadar_gulung,train
..\kue_raw\train\kue_dadar_gulung\000144.jpg,kue_dadar_gulung,train
..\kue_raw\train\kue_dadar_gulung\000145.jpg,kue_dadar_gulung,train
..\kue_raw\train\kue_dadar_gulung\000146.jpg,kue_dadar_gulung,train
..\kue_raw\train\kue_dadar_gulung\000147.jpg,kue_dadar_gulung,train
..\kue_raw\train\kue_dadar_gulung\000148.jpg,kue_dadar_gulung,train
..\kue_raw\train\kue_dadar_gulung\000149.jpg,kue_dadar_gulung,train
..\kue_raw\train\kue_dadar_gulung\000150.jpg,kue_dadar_gulung,train
..\kue_raw\train\kue_dadar_gulung\000151.jpg,kue_dadar_gulung,train
..\kue_raw\train\kue_dadar_gulung\000152.jpg,kue_dadar_gulung,train
..\kue_raw\train\kue_dadar_gulung\000153.jpg,kue_dadar_gulung,train
..\kue_raw\train\kue_dadar_gulung\000154.jpg,kue_dadar_gulung,train
..\kue_raw\train\kue_dadar_gulung\000155.jpg,kue_dadar_gulung,train
..\kue_raw\train\kue_dadar_gulung\000156.jpg,kue_dadar_gulung,train
..\kue_raw\train\kue_dadar_gulung\000157.jpg,kue_dadar_gulung,train
..\kue_raw\train\kue_dadar_gulung\000158.jpg,kue_dadar_gulung,train
..\kue_raw\train\kue_dadar_gulung\000159.jpg,kue_dadar_gulung,train
..\kue_raw\train\kue_dadar_gulung\000160.jpg,kue_dadar_gulung,train
..\kue_raw\train\kue_dadar_gulung\000161.jpg,kue_dadar_gulung,train
..\kue_raw\train\kue_dadar_gulung\000162.jpg,kue_dadar_gulung,train
..\kue_raw\train\kue_dadar_gulung\000163.jpg,kue_dadar_gulung,train
..\kue_raw\train\kue_dadar_gulung\000164.jpg,kue_dadar_gulung,train
..\kue_raw\train\kue_dadar_gulung\000165.jpg,kue_dadar_gulung,train
..\kue_raw\train\kue_dadar_gulung\000166.jpg,kue_dadar_gulung,train
..\kue_raw\train\kue_dadar_gulung\000167.jpg,kue_dadar_gulung,train
..\kue_raw\train\kue_dadar_gulung\000168.jpg,kue_dadar_gulung,train
..\kue_raw\train\kue_dadar_gulung\000169.jpg,kue_dadar_gulung,train
..\kue_raw\train\kue_dadar_gulung\000170.jpg,kue_dadar_gulung,train
..\kue_raw\train\kue_dadar_gulung\000171.jpg,kue_dadar_gulung,train
..\kue_raw\train\kue_dadar_gulung\000172.jpg,kue_dadar_gulung,train
..\kue_raw\train\kue_dadar_gulung\000173.jpg,kue_dadar_gulung,train
..\kue_raw\train\kue_dadar_gulung\000174.jpg,kue_dadar_gulung,train
..\kue_raw\train\kue_dadar_gulung\000175.jpg,kue_dadar_gulung,train
..\kue_raw\train\kue_dadar_gulung\000176.jpg,kue_dadar_gulung,train
..\kue_raw\train\kue_dadar_gulung\000177.jpg,kue_dadar_gulung,train
..\kue_raw\train\kue_dadar_gulung\000178.jpg,kue_dadar_gulung,train
..\kue_raw\train\kue_dadar_gulung\000179.png,kue_dadar_gulung,train
..\kue_raw\train\kue_dadar_gulung\000180.jpg,kue_dadar_gulung,train
..\kue_raw\train\kue_dadar_gulung\000181.jpg,kue_dadar_gulung,train
..\kue_raw\train\kue_dadar_gulung\000182.jpeg,kue_dadar_gulung,train
..\kue_raw\train\kue_dadar_gulung\000183.jpg,kue_dadar_gulung,train
..\kue_raw\train\kue_dadar_gulung\000184.jpg,kue_dadar_gulung,train
..\kue_raw\train\kue_dadar_gulung\000185.jpg,kue_dadar_gulung,train
..\kue_raw\train\kue_dadar_gulung\000186.jpg,kue_dadar_gulung,train
..\kue_raw\train\kue_dadar_gulung\000187.jpg,kue_dadar_gulung,train
..\kue_raw\train\kue_dadar_gulung\000188.jpg,kue_dadar_gulung,train
..\kue_raw\train\kue_dadar_gulung\000189.jpeg,kue_dadar_gulung,train
..\kue_raw\train\kue_dadar_gulung\000190.jpg,kue_dadar_gulung,train
..\kue_raw\train\kue_dadar_gulung\000191.jpg,kue_dadar_gulung,train
..\kue_raw\train\kue_dadar_gulung\000192.jpg,kue_dadar_gulung,train
..\kue_raw\train\kue_kastengel\000001.jpg,kue_kastengel,train
..\kue_raw\train\kue_kastengel\000002.jpg,kue_kastengel,train
..\kue_raw\train\kue_kastengel\000003.jpg,kue_kastengel,train
..\kue_raw\train\kue_kastengel\000004.jpg,kue_kastengel,train
..\kue_raw\train\kue_kastengel\000005.jpg,kue_kastengel,train
..\kue_raw\train\kue_kastengel\000006.jpg,kue_kastengel,train
..\kue_raw\train\kue_kastengel\000007.jpg,kue_kastengel,train
..\kue_raw\train\kue_kastengel\000008.jpg,kue_kastengel,train
..\kue_raw\train\kue_kastengel\000009.jpeg,kue_kastengel,train
..\kue_raw\train\kue_kastengel\000010.jpg,kue_kastengel,train
..\kue_raw\train\kue_kastengel\000011.jpg,kue_kastengel,train
..\kue_raw\train\kue_kastengel\000012.jpg,kue_kastengel,train
..\kue_raw\train\kue_kastengel\000013.jpg,kue_kastengel,train
..\kue_raw\train\kue_kastengel\000014.jpg,kue_kastengel,train
..\kue_raw\train\kue_kastengel\000015.jpg,kue_kastengel,train
..\kue_raw\train\kue_kastengel\000016.jpg,kue_kastengel,train
..\kue_raw\train\kue_kastengel\000017.jpg,kue_kastengel,train
..\kue_raw\train\kue_kastengel\000018.jpg,kue_kastengel,train
..\kue_raw\train\kue_kastengel\000019.jpg,kue_kastengel,train
..\kue_raw\train\kue_kastengel\000020.png,kue_kastengel,train
..\kue_raw\train\kue_kastengel\000021.jpg,kue_kastengel,train
..\kue_raw\train\kue_kastengel\000022.jpg,kue_kastengel,train
..\kue_raw\train\kue_kastengel\000023.jpg,kue_kastengel,train
..\kue_raw\train\kue_kastengel\000024.jpg,kue_kastengel,train
..\kue_raw\train\kue_kastengel\000025.jpg,kue_kastengel,train
..\kue_raw\train\kue_kastengel\000026.jpg,kue_kastengel,train
..\kue_raw\train\kue_kastengel\000027.jpg,kue_kastengel,train
..\kue_raw\train\kue_kastengel\000028.jpg,kue_kastengel,train
..\kue_raw\train\kue_kastengel\000029.jpg,kue_kastengel,train
..\kue_raw\train\kue_kastengel\000030.jpg,kue_kastengel,train
..\kue_raw\train\kue_kastengel\000031.jpg,kue_kastengel,train
..\kue_raw\train\kue_kastengel\000032.png,kue_kastengel,train
..\kue_raw\train\kue_kastengel\000033.jpg,kue_kastengel,train
..\kue_raw\train\kue_kastengel\000034.jpg,kue_kastengel,train
..\kue_raw\train\kue_kastengel\000035.jpg,kue_kastengel,train
..\kue_raw\train\kue_kastengel\000036.jpg,kue_kastengel,train
..\kue_raw\train\kue_kastengel\000037.jpg,kue_kastengel,train
..\kue_raw\train\kue_kastengel\000038.jpg,kue_kastengel,train
..\kue_raw\train\kue_kastengel\000039.jpg,kue_kastengel,train
..\kue_raw\train\kue_kastengel\000040.jpg,kue_kastengel,train
..\kue_raw\train\kue_kastengel\000041.jpg,kue_kastengel,train
..\kue_raw\train\kue_kastengel\000042.jpg,kue_kastengel,train
..\kue_raw\train\kue_kastengel\000043.jpg,kue_kastengel,train
..\kue_raw\train\kue_kastengel\000044.jpg,kue_kastengel,train
..\kue_raw\train\kue_kastengel\000045.jpg,kue_kastengel,train
..\kue_raw\train\kue_kastengel\000046.jpg,kue_kastengel,train
..\kue_raw\train\kue_kastengel\000047.jpg,kue_kastengel,train
..\kue_raw\train\kue_kastengel\000048.jpg,kue_kastengel,train
..\kue_raw\train\kue_kastengel\000049.jpg,kue_kastengel,train
..\kue_raw\train\kue_kastengel\000050.jpg,kue_kastengel,train
..\kue_raw\train\kue_kastengel\000051.jpg,kue_kastengel,train
..\kue_raw\train\kue_kastengel\000052.jpg,kue_kastengel,train
..\kue_raw\train\kue_kastengel\000053.jpg,kue_kastengel,train
..\kue_raw\train\kue_kastengel\000054.jpg,kue_kastengel,train
..\kue_raw\train\kue_kastengel\000055.jpg,kue_kastengel,train
..\kue_raw\train\kue_kastengel\000056.jpg,kue_kastengel,train
..\kue_raw\train\kue_kastengel\000057.jpg,kue_kastengel,train
..\kue_raw\train\kue_kastengel\000058.jpg,kue_kastengel,train
..\kue_raw\train\kue_kastengel\000059.jpg,kue_kastengel,train
..\kue_raw\train\kue_kastengel\000060.jpg,kue_kastengel,train
..\kue_raw\train\kue_kastengel\000061.jpg,kue_kastengel,train
..\kue_raw\train\kue_kastengel\000062.jpg,kue_kastengel,train
..\kue_raw\train\kue_kastengel\000063.jpg,kue_kastengel,train
..\kue_raw\train\kue_kastengel\000064.jpg,kue_kastengel,train
..\kue_raw\train\kue_kastengel\000065.jpg,kue_kastengel,train
..\kue_raw\train\kue_kastengel\000066.jpg,kue_kastengel,train
..\kue_raw\train\kue_kastengel\000067.jpg,kue_kastengel,train
..\kue_raw\train\kue_kastengel\000068.jpg,kue_kastengel,train
..\kue_raw\train\kue_kastengel\000069.jpg,kue_kastengel,train
..\kue_raw\train\kue_kastengel\000070.jpg,kue_kastengel,train
..\kue_raw\train\kue_kastengel\000071.jpg,kue_kastengel,train
..\kue_raw\train\kue_kastengel\000072.jpg,kue_kastengel,train
..\kue_raw\train\kue_kastengel\000073.jpg,kue_kastengel,train
..\kue_raw\train\kue_kastengel\000074.jpg,kue_kastengel,train
..\kue_raw\train\kue_kastengel\000075.jpg,kue_kastengel,train
..\kue_raw\train\kue_kastengel\000076.jpg,kue_kastengel,train
..\kue_raw\train\kue_kastengel\000077.jpg,kue_kastengel,train
..\kue_raw\train\kue_kastengel\000078.jpg,kue_kastengel,train
..\kue_raw\train\kue_kastengel\000079.jpg,kue_kastengel,train
..\kue_raw\train\kue_kastengel\000080.jpg,kue_kastengel,train
..\kue_raw\train\kue_kastengel\000081.jpg,kue_kastengel,train
..\kue_raw\train\kue_kastengel\000082.jpg,kue_kastengel,train
..\kue_raw\train\kue_kastengel\000083.jpg,kue_kastengel,train
..\kue_raw\train\kue_kastengel\000084.jpg,kue_kastengel,train
..\kue_raw\train\kue_kastengel\000085.jpg,kue_kastengel,train
..\kue_raw\train\kue_kastengel\000086.jpg,kue_kastengel,train
..\kue_raw\train\kue_kastengel\000087.jpg,kue_kastengel,train
..\kue_raw\train\kue_kastengel\000088.jpg,kue_kastengel,train
..\kue_raw\train\kue_kastengel\000089.jpg,kue_kastengel,train
..\kue_raw\train\kue_kastengel\000090.jpg,kue_kastengel,train
..\kue_raw\train\kue_kastengel\000091.jpg,kue_kastengel,train
..\kue_raw\train\kue_kastengel\000092.jpg,kue_kastengel,train
..\kue_raw\train\kue_kastengel\000093.jpg,kue_kastengel,train
..\kue_raw\train\kue_kastengel\000094.jpg,kue_kastengel,train
..\kue_raw\train\kue_kastengel\000095.jpg,kue_kastengel,train
..\kue_raw\train\kue_kastengel\000096.jpg,kue_kastengel,train
..\kue_raw\train\kue_kastengel\000097.jpg,kue_kastengel,train
..\kue_raw\train\kue_kastengel\000098.jpg,kue_kastengel,train
..\kue_raw\train\kue_kastengel\000099.jpg,kue_kastengel,train
..\kue_raw\train\kue_kastengel\000100.jpg,kue_kastengel,train
..\kue_raw\train\kue_kastengel\000101.jpg,kue_kastengel,train
..\kue_raw\train\kue_kastengel\000102.jpg,kue_kastengel,train
..\kue_raw\train\kue_kastengel\000103.jpg,kue_kastengel,train
..\kue_raw\train\kue_kastengel\000104.jpg,kue_kastengel,train
..\kue_raw\train\kue_kastengel\000105.jpg,kue_kastengel,train
..\kue_raw\train\kue_kastengel\000106.jpg,kue_kastengel,train
..\kue_raw\train\kue_kastengel\000107.jpg,kue_kastengel,train
..\kue_raw\train\kue_kastengel\000108.jpg,kue_kastengel,train
..\kue_raw\train\kue_kastengel\000109.jpg,kue_kastengel,train
..\kue_raw\train\kue_kastengel\000110.jpg,kue_kastengel,train
..\kue_raw\train\kue_kastengel\000111.jpg,kue_kastengel,train
..\kue_raw\train\kue_kastengel\000112.jpg,kue_kastengel,train
..\kue_raw\train\kue_kastengel\000113.jpg,kue_kastengel,train
..\kue_raw\train\kue_kastengel\000114.jpg,kue_kastengel,train
..\kue_raw\train\kue_kastengel\000115.jpg,kue_kastengel,train
..\kue_raw\train\kue_kastengel\000116.jpg,kue_kastengel,train
..\kue_raw\train\kue_kastengel\000117.jpg,kue_kastengel,train
..\kue_raw\train\kue_kastengel\000118.jpg,kue_kastengel,train
..\kue_raw\train\kue_kastengel\000119.jpg,kue_kastengel,train
..\kue_raw\train\kue_kastengel\000120.jpg,kue_kastengel,train
..\kue_raw\train\kue_kastengel\000121.jpg,kue_kastengel,train
..\kue_raw\train\kue_kastengel\000122.jpg,kue_kastengel,train
..\kue_raw\train\kue_kastengel\000123.jpg,kue_kastengel,train
..\kue_raw\train\kue_kastengel\000124.jpg,kue_kastengel,train
..\kue_raw\train\kue_kastengel\000125.jpg,kue_kastengel,train
..\kue_raw\train\kue_kastengel\000126.jpg,kue_kastengel,train
..\kue_raw\train\kue_kastengel\000127.jpg,kue_kastengel,train
..\kue_raw\train\kue_kastengel\000128.jpg,kue_kastengel,train
..\kue_raw\train\kue_kastengel\000129.jpg,kue_kastengel,train
..\kue_raw\train\kue_kastengel\000130.jpg,kue_kastengel,train
..\kue_raw\train\kue_kastengel\000131.jpg,kue_kastengel,train
..\kue_raw\train\kue_kastengel\000132.jpg,kue_kastengel,train
..\kue_raw\train\kue_kastengel\000133.jpg,kue_kastengel,train
..\kue_raw\train\kue_kastengel\000134.jpg,kue_kastengel,train
..\kue_raw\train\kue_kastengel\000135.jpg,kue_kastengel,train
..\kue_raw\train\kue_kastengel\000136.jpg,kue_kastengel,train
..\kue_raw\train\kue_kastengel\000137.jpg,kue_kastengel,train
..\kue_raw\train\kue_kastengel\000138.jpg,kue_kastengel,train
..\kue_raw\train\kue_kastengel\000139.jpg,kue_kastengel,train
..\kue_raw\train\kue_kastengel\000140.jpg,kue_kastengel,train
..\kue_raw\train\kue_kastengel\000141.jpg,kue_kastengel,train
..\kue_raw\train\kue_kastengel\000142.jpg,kue_kastengel,train
..\kue_raw\train\kue_kastengel\000143.jpg,kue_kastengel,train
..\kue_raw\train\kue_kastengel\000144.jpg,kue_kastengel,train
..\kue_raw\train\kue_kastengel\000145.jpg,kue_kastengel,train
..\kue_raw\train\kue_kastengel\000146.jpg,kue_kastengel,train
..\kue_raw\train\kue_kastengel\000147.jpg,kue_kastengel,train
..\kue_raw\train\kue_kastengel\000148.jpg,kue_kastengel,train
..\kue_raw\train\kue_kastengel\000149.jpg,kue_kastengel,train
..\kue_raw\train\kue_kastengel\000150.jpg,kue_kastengel,train
..\kue_raw\train\kue_kastengel\000151.jpg,kue_kastengel,train
..\kue_raw\train\kue_kastengel\000152.jpg,kue_kastengel,train
..\kue_raw\train\kue_kastengel\000153.jpg,kue_kastengel,train
..\kue_raw\train\kue_kastengel\000154.jpg,kue_kastengel,train
..\kue_raw\train\kue_kastengel\000155.jpg,kue_kastengel,train
..\kue_raw\train\kue_kastengel\000156.jpg,kue_kastengel,train
..\kue_raw\train\kue_kastengel\000157.jpg,kue_kastengel,train
..\kue_raw\train\kue_kastengel\000158.jpg,kue_kastengel,train
..\kue_raw\train\kue_kastengel\000159.jpg,kue_kastengel,train
..\kue_raw\train\kue_kastengel\000160.jpg,kue_kastengel,train
..\kue_raw\train\kue_kastengel\000161.jpg,kue_kastengel,train
..\kue_raw\train\kue_kastengel\000162.jpg,kue_kastengel,train
..\kue_raw\train\kue_kastengel\000163.jpg,kue_kastengel,train
..\kue_raw\train\kue_kastengel\000164.jpg,kue_kastengel,train
..\kue_raw\train\kue_kastengel\000165.jpg,kue_kastengel,train
..\kue_raw\train\kue_kastengel\000166.jpg,kue_kastengel,train
..\kue_raw\train\kue_kastengel\000167.jpg,kue_kastengel,train
..\kue_raw\train\kue_kastengel\000168.jpg,kue_kastengel,train
..\kue_raw\train\kue_kastengel\000169.jpg,kue_kastengel,train
..\kue_raw\train\kue_kastengel\000170.jpg,kue_kastengel,train
..\kue_raw\train\kue_kastengel\000171.jpg,kue_kastengel,train
..\kue_raw\train\kue_kastengel\000172.jpg,kue_kastengel,train
..\kue_raw\train\kue_kastengel\000173.jpg,kue_kastengel,train
..\kue_raw\train\kue_kastengel\000174.jpg,kue_kastengel,train
..\kue_raw\train\kue_kastengel\000175.jpg,kue_kastengel,train
..\kue_raw\train\kue_kastengel\000176.jpg,kue_kastengel,train
..\kue_raw\train\kue_kastengel\000177.jpg,kue_kastengel,train
..\kue_raw\train\kue_kastengel\000178.jpg,kue_kastengel,train
..\kue_raw\train\kue_kastengel\000179.jpg,kue_kastengel,train
..\kue_raw\train\kue_kastengel\000180.jpg,kue_kastengel,train
..\kue_raw\train\kue_kastengel\000181.jpg,kue_kastengel,train
..\kue_raw\train\kue_klepon\000001.jpg,kue_klepon,train
..\kue_raw\train\kue_klepon\000002.jpg,kue_klepon,train
..\kue_raw\train\kue_klepon\000003.jpg,kue_klepon,train
..\kue_raw\train\kue_klepon\000004.jpg,kue_klepon,train
..\kue_raw\train\kue_klepon\000005.jpg,kue_klepon,train
..\kue_raw\train\kue_klepon\000006.jpg,kue_klepon,train
..\kue_raw\train\kue_klepon\000007.png,kue_klepon,train
..\kue_raw\train\kue_klepon\000008.jpg,kue_klepon,train
..\kue_raw\train\kue_klepon\000009.jpg,kue_klepon,train
..\kue_raw\train\kue_klepon\000010.jpg,kue_klepon,train
..\kue_raw\train\kue_klepon\000011.jpg,kue_klepon,train
..\kue_raw\train\kue_klepon\000012.jpg,kue_klepon,train
..\kue_raw\train\kue_klepon\000013.jpg,kue_klepon,train
..\kue_raw\train\kue_klepon\000014.png,kue_klepon,train
..\kue_raw\train\kue_klepon\000015.jpg,kue_klepon,train
..\kue_raw\train\kue_klepon\000016.jpg,kue_klepon,train
..\kue_raw\train\kue_klepon\000017.jpg,kue_klepon,train
..\kue_raw\train\kue_klepon\000018.jpg,kue_klepon,train
..\kue_raw\train\kue_klepon\000019.jpg,kue_klepon,train
..\kue_raw\train\kue_klepon\000020.png,kue_klepon,train
..\kue_raw\train\kue_klepon\000021.png,kue_klepon,train
..\kue_raw\train\kue_klepon\000022.jpg,kue_klepon,train
..\kue_raw\train\kue_klepon\000023.jpg,kue_klepon,train
..\kue_raw\train\kue_klepon\000024.jpg,kue_klepon,train
..\kue_raw\train\kue_klepon\000025.jpg,kue_klepon,train
..\kue_raw\train\kue_klepon\000026.jpg,kue_klepon,train
..\kue_raw\train\kue_klepon\000027.jpg,kue_klepon,train
..\kue_raw\train\kue_klepon\000028.jpg,kue_klepon,train
..\kue_raw\train\kue_klepon\000029.jpg,kue_klepon,train
..\kue_raw\train\kue_klepon\000030.png,kue_klepon,train
..\kue_raw\train\kue_klepon\000031.jpg,kue_klepon,train
..\kue_raw\train\kue_klepon\000032.jpg,kue_klepon,train
..\kue_raw\train\kue_klepon\000033.jpg,kue_klepon,train
..\kue_raw\train\kue_klepon\000034.jpg,kue_klepon,train
..\kue_raw\train\kue_klepon\000035.jpg,kue_klepon,train
..\kue_raw\train\kue_klepon\000036.jpg,kue_klepon,train
..\kue_raw\train\kue_klepon\000037.jpg,kue_klepon,train
..\kue_raw\train\kue_klepon\000038.jpg,kue_klepon,train
..\kue_raw\train\kue_klepon\000039.jpg,kue_klepon,train
..\kue_raw\train\kue_klepon\000040.jpg,kue_klepon,train
..\kue_raw\train\kue_klepon\000041.jpg,kue_klepon,train
..\kue_raw\train\kue_klepon\000042.jpg,kue_klepon,train
..\kue_raw\train\kue_klepon\000043.jpg,kue_klepon,train
..\kue_raw\train\kue_klepon\000044.jpeg,kue_klepon,train
..\kue_raw\train\kue_klepon\000045.jpg,kue_klepon,train
..\kue_raw\train\kue_klepon\000046.jpg,kue_klepon,train
..\kue_raw\train\kue_klepon\000047.jpg,kue_klepon,train
..\kue_raw\train\kue_klepon\000048.jpg,kue_klepon,train
..\kue_raw\train\kue_klepon\000049.jpg,kue_klepon,train
..\kue_raw\train\kue_klepon\000050.jpg,kue_klepon,train
..\kue_raw\train\kue_klepon\000051.jpeg,kue_klepon,train
..\kue_raw\train\kue_klepon\000052.jpg,kue_klepon,train
..\kue_raw\train\kue_klepon\000053.jpg,kue_klepon,train
..\kue_raw\train\kue_klepon\000054.jpg,kue_klepon,train
..\kue_raw\train\kue_klepon\000055.jpg,kue_klepon,train
..\kue_raw\train\kue_klepon\000056.jpg,kue_klepon,train
..\kue_raw\train\kue_klepon\000057.jpg,kue_klepon,train
..\kue_raw\train\kue_klepon\000058.jpg,kue_klepon,train
..\kue_raw\train\kue_klepon\000059.jpg,kue_klepon,train
..\kue_raw\train\kue_klepon\000060.jpg,kue_klepon,train
..\kue_raw\train\kue_klepon\000061.jpg,kue_klepon,train
..\kue_raw\train\kue_klepon\000062.png,kue_klepon,train
..\kue_raw\train\kue_klepon\000063.jpg,kue_klepon,train
..\kue_raw\train\kue_klepon\000064.png,kue_klepon,train
..\kue_raw\train\kue_klepon\000065.jpg,kue_klepon,train
..\kue_raw\train\kue_klepon\000066.jpg,kue_klepon,train
..\kue_raw\train\kue_klepon\000067.jpg,kue_klepon,train
..\kue_raw\train\kue_klepon\000068.jpg,kue_klepon,train
..\kue_raw\train\kue_klepon\000069.jpg,kue_klepon,train
..\kue_raw\train\kue_klepon\000070.jpg,kue_klepon,train
..\kue_raw\train\kue_klepon\000071.jpeg,kue_klepon,train
..\kue_raw\train\kue_klepon\000072.jpg,kue_klepon,train
..\kue_raw\train\kue_klepon\000073.jpg,kue_klepon,train
..\kue_raw\train\kue_klepon\000074.jpg,kue_klepon,train
..\kue_raw\train\kue_klepon\000075.jpg,kue_klepon,train
..\kue_raw\train\kue_klepon\000076.jpg,kue_klepon,train
..\kue_raw\train\kue_klepon\000077.jpg,kue_klepon,train
..\kue_raw\train\kue_klepon\000078.jpg,kue_klepon,train
..\kue_raw\train\kue_klepon\000079.jpg,kue_klepon,train
..\kue_raw\train\kue_klepon\000080.jpg,kue_klepon,train
..\kue_raw\train\kue_klepon\000081.jpg,kue_klepon,train
..\kue_raw\train\kue_klepon\000082.jpg,kue_klepon,train
..\kue_raw\train\kue_klepon\000083.jpg,kue_klepon,train
..\kue_raw\train\kue_klepon\000084.jpg,kue_klepon,train
..\kue_raw\train\kue_klepon\000085.jpg,kue_klepon,train
..\kue_raw\train\kue_klepon\000086.jpg,kue_klepon,train
..\kue_raw\train\kue_klepon\000087.jpg,kue_klepon,train
..\kue_raw\train\kue_klepon\000088.jpg,kue_klepon,train
..\kue_raw\train\kue_klepon\000089.jpg,kue_klepon,train
..\kue_raw\train\kue_klepon\000090.jpg,kue_klepon,train
..\kue_raw\train\kue_klepon\000091.jpg,kue_klepon,train
..\kue_raw\train\kue_klepon\000092.jpg,kue_klepon,train
..\kue_raw\train\kue_klepon\000093.jpg,kue_klepon,train
..\kue_raw\train\kue_klepon\000094.jpg,kue_klepon,train
..\kue_raw\train\kue_klepon\000095.jpg,kue_klepon,train
..\kue_raw\train\kue_klepon\000096.jpg,kue_klepon,train
..\kue_raw\train\kue_klepon\000097.jpg,kue_klepon,train
..\kue_raw\train\kue_klepon\000098.jpg,kue_klepon,train
..\kue_raw\train\kue_klepon\000099.jpg,kue_klepon,train
..\kue_raw\train\kue_klepon\000100.jpg,kue_klepon,train
..\kue_raw\train\kue_klepon\000101.jpg,kue_klepon,train
..\kue_raw\train\kue_klepon\000102.jpg,kue_klepon,train
..\kue_raw\train\kue_klepon\000103.jpg,kue_klepon,train
..\kue_raw\train\kue_klepon\000104.jpg,kue_klepon,train
..\kue_raw\train\kue_klepon\000105.jpg,kue_klepon,train
..\kue_raw\train\kue_klepon\000106.jpg,kue_klepon,train
..\kue_raw\train\kue_klepon\000107.jpg,kue_klepon,train
..\kue_raw\train\kue_klepon\000108.jpg,kue_klepon,train
..\kue_raw\train\kue_klepon\000109.jpg,kue_klepon,train
..\kue_raw\train\kue_klepon\000110.jpg,kue_klepon,train
..\kue_raw\train\kue_klepon\000111.jpg,kue_klepon,train
..\kue_raw\train\kue_klepon\000112.jpg,kue_klepon,train
..\kue_raw\train\kue_klepon\000113.jpg,kue_klepon,train
..\kue_raw\train\kue_klepon\000114.jpg,kue_klepon,train
..\kue_raw\train\kue_klepon\000115.jpg,kue_klepon,train
..\kue_raw\train\kue_klepon\000116.jpg,kue_klepon,train
..\kue_raw\train\kue_klepon\000117.jpg,kue_klepon,train
..\kue_raw\train\kue_klepon\000118.jpg,kue_klepon,train
..\kue_raw\train\kue_klepon\000119.jpg,kue_klepon,train
..\kue_raw\train\kue_klepon\000120.jpg,kue_klepon,train
..\kue_raw\train\kue_klepon\000121.jpg,kue_klepon,train
..\kue_raw\train\kue_klepon\000122.jpg,kue_klepon,train
..\kue_raw\train\kue_klepon\000123.jpg,kue_klepon,train
..\kue_raw\train\kue_klepon\000124.jpg,kue_klepon,train
..\kue_raw\train\kue_klepon\000125.jpg,kue_klepon,train
..\kue_raw\train\kue_klepon\000126.jpeg,kue_klepon,train
..\kue_raw\train\kue_klepon\000127.jpg,kue_klepon,train
..\kue_raw\train\kue_klepon\000128.jpg,kue_klepon,train
..\kue_raw\train\kue_klepon\000129.jpg,kue_klepon,train
..\kue_raw\train\kue_klepon\000130.jpg,kue_klepon,train
..\kue_raw\train\kue_klepon\000131.jpg,kue_klepon,train
..\kue_raw\train\kue_klepon\000132.jpg,kue_klepon,train
..\kue_raw\train\kue_klepon\000133.jpeg,kue_klepon,train
..\kue_raw\train\kue_klepon\000134.jpg,kue_klepon,train
..\kue_raw\train\kue_klepon\000135.jpg,kue_klepon,train
..\kue_raw\train\kue_klepon\000136.jpg,kue_klepon,train
..\kue_raw\train\kue_klepon\000137.jpg,kue_klepon,train
..\kue_raw\train\kue_klepon\000138.jpg,kue_klepon,train
..\kue_raw\train\kue_klepon\000139.jpg,kue_klepon,train
..\kue_raw\train\kue_klepon\000140.jpg,kue_klepon,train
..\kue_raw\train\kue_klepon\000141.jpg,kue_klepon,train
..\kue_raw\train\kue_klepon\000142.jpg,kue_klepon,train
..\kue_raw\train\kue_klepon\000143.jpg,kue_klepon,train
..\kue_raw\train\kue_klepon\000144.jpg,kue_klepon,train
..\kue_raw\train\kue_klepon\000145.jpg,kue_klepon,train
..\kue_raw\train\kue_klepon\000146.jpg,kue_klepon,train
..\kue_raw\train\kue_klepon\000147.jpg,kue_klepon,train
..\kue_raw\train\kue_klepon\000148.jpg,kue_klepon,train
..\kue_raw\train\kue_klepon\000149.jpg,kue_klepon,train
..\kue_raw\train\kue_klepon\000150.jpg,kue_klepon,train
..\kue_raw\train\kue_klepon\000151.jpg,kue_klepon,train
..\kue_raw\train\kue_klepon\000152.png,kue_klepon,train
..\kue_raw\train\kue_klepon\000153.jpg,kue_klepon,train
..\kue_raw\train\kue_klepon\000154.jpg,kue_klepon,train
..\kue_raw\train\kue_klepon\000155.jpg,kue_klepon,train
..\kue_raw\train\kue_klepon\000156.jpg,kue_klepon,train
..\kue_raw\train\kue_klepon\000157.jpg,kue_klepon,train
..\kue_raw\train\kue_klepon\000158.jpg,kue_klepon,train
..\kue_raw\train\kue_klepon\000159.jpg,kue_klepon,train
..\kue_raw\train\kue_klepon\000160.jpg,kue_klepon,train
..\kue_raw\train\kue_klepon\000161.jpg,kue_klepon,train
..\kue_raw\train\kue_klepon\000162.png,kue_klepon,train
..\kue_raw\train\kue_klepon\000163.jpg,kue_klepon,train
..\kue_raw\train\kue_klepon\000164.jpg,kue_klepon,train
..\kue_raw\train\kue_klepon\000165.jpg,kue_klepon,train
..\kue_raw\train\kue_klepon\000166.jpg,kue_klepon,train
..\kue_raw\train\kue_klepon\000167.jpg,kue_klepon,train
..\kue_raw\train\kue_klepon\000168.jpg,kue_klepon,train
..\kue_raw\train\kue_klepon\000169.jpg,kue_klepon,train
..\kue_raw\train\kue_klepon\000170.jpg,kue_klepon,train
..\kue_raw\train\kue_klepon\000171.jpg,kue_klepon,train
..\kue_raw\train\kue_klepon\000172.jpg,kue_klepon,train
..\kue_raw\train\kue_klepon\000173.jpg,kue_klepon,train
..\kue_raw\train\kue_klepon\000174.jpg,kue_klepon,train
..\kue_raw\train\kue_klepon\000175.jpg,kue_klepon,train
..\kue_raw\train\kue_klepon\000176.jpg,kue_klepon,train
..\kue_raw\train\kue_klepon\000177.jpg,kue_klepon,train
..\kue_raw\train\kue_klepon\000178.jpg,kue_klepon,train
..\kue_raw\train\kue_klepon\000179.jpg,kue_klepon,train
..\kue_raw\train\kue_klepon\000180.jpg,kue_klepon,train
..\kue_raw\train\kue_klepon\000181.jpg,kue_klepon,train
..\kue_raw\train\kue_klepon\000182.jpg,kue_klepon,train
..\kue_raw\train\kue_klepon\000183.jpg,kue_klepon,train
..\kue_raw\train\kue_klepon\000184.jpg,kue_klepon,train
..\kue_raw\train\kue_klepon\000185.jpg,kue_klepon,train
..\kue_raw\train\kue_klepon\000186.jpg,kue_klepon,train
..\kue_raw\train\kue_klepon\000187.jpeg,kue_klepon,train
..\kue_raw\train\kue_klepon\000188.jpg,kue_klepon,train
..\kue_raw\train\kue_klepon\000189.jpg,kue_klepon,train
..\kue_raw\train\kue_klepon\000190.jpg,kue_klepon,train
..\kue_raw\train\kue_klepon\000191.jpg,kue_klepon,train
..\kue_raw\train\kue_klepon\000192.jpg,kue_klepon,train
..\kue_raw\train\kue_klepon\000193.jpg,kue_klepon,train
..\kue_raw\train\kue_klepon\000194.jpg,kue_klepon,train
..\kue_raw\train\kue_klepon\000195.jpg,kue_klepon,train
..\kue_raw\train\kue_klepon\000196.jpg,kue_klepon,train
..\kue_raw\train\kue_lapis\000001.jpg,kue_lapis,train
..\kue_raw\train\kue_lapis\000002.jpg,kue_lapis,train
..\kue_raw\train\kue_lapis\000003.jpg,kue_lapis,train
..\kue_raw\train\kue_lapis\000004.jpg,kue_lapis,train
..\kue_raw\train\kue_lapis\000005.jpg,kue_lapis,train
..\kue_raw\train\kue_lapis\000006.jpg,kue_lapis,train
..\kue_raw\train\kue_lapis\000007.jpg,kue_lapis,train
..\kue_raw\train\kue_lapis\000008.jpg,kue_lapis,train
..\kue_raw\train\kue_lapis\000009.jpg,kue_lapis,train
..\kue_raw\train\kue_lapis\000010.jpg,kue_lapis,train
..\kue_raw\train\kue_lapis\000011.jpg,kue_lapis,train
..\kue_raw\train\kue_lapis\000012.jpg,kue_lapis,train
..\kue_raw\train\kue_lapis\000013.jpg,kue_lapis,train
..\kue_raw\train\kue_lapis\000014.jpg,kue_lapis,train
..\kue_raw\train\kue_lapis\000015.jpg,kue_lapis,train
..\kue_raw\train\kue_lapis\000016.jpg,kue_lapis,train
..\kue_raw\train\kue_lapis\000017.jpg,kue_lapis,train
..\kue_raw\train\kue_lapis\000018.jpg,kue_lapis,train
..\kue_raw\train\kue_lapis\000019.jpg,kue_lapis,train
..\kue_raw\train\kue_lapis\000020.jpg,kue_lapis,train
..\kue_raw\train\kue_lapis\000021.jpg,kue_lapis,train
..\kue_raw\train\kue_lapis\000022.jpg,kue_lapis,train
..\kue_raw\train\kue_lapis\000023.jpg,kue_lapis,train
..\kue_raw\train\kue_lapis\000024.jpg,kue_lapis,train
..\kue_raw\train\kue_lapis\000025.jpg,kue_lapis,train
..\kue_raw\train\kue_lapis\000026.jpg,kue_lapis,train
..\kue_raw\train\kue_lapis\000027.jpg,kue_lapis,train
..\kue_raw\train\kue_lapis\000028.jpg,kue_lapis,train
..\kue_raw\train\kue_lapis\000029.jpg,kue_lapis,train
..\kue_raw\train\kue_lapis\000030.jpg,kue_lapis,train
..\kue_raw\train\kue_lapis\000031.jpg,kue_lapis,train
..\kue_raw\train\kue_lapis\000032.jpg,kue_lapis,train
..\kue_raw\train\kue_lapis\000033.jpg,kue_lapis,train
..\kue_raw\train\kue_lapis\000034.jpg,kue_lapis,train
..\kue_raw\train\kue_lapis\000035.jpg,kue_lapis,train
..\kue_raw\train\kue_lapis\000036.jpg,kue_lapis,train
..\kue_raw\train\kue_lapis\000037.jpg,kue_lapis,train
..\kue_raw\train\kue_lapis\000038.jpg,kue_lapis,train
..\kue_raw\train\kue_lapis\000039.png,kue_lapis,train
..\kue_raw\train\kue_lapis\000040.jpg,kue_lapis,train
..\kue_raw\train\kue_lapis\000041.jpg,kue_lapis,train
..\kue_raw\train\kue_lapis\000042.jpg,kue_lapis,train
..\kue_raw\train\kue_lapis\000043.jpg,kue_lapis,train
..\kue_raw\train\kue_lapis\000044.jpg,kue_lapis,train
..\kue_raw\train\kue_lapis\000045.jpg,kue_lapis,train
..\kue_raw\train\kue_lapis\000046.jpg,kue_lapis,train
..\kue_raw\train\kue_lapis\000047.jpg,kue_lapis,train
..\kue_raw\train\kue_lapis\000048.jpg,kue_lapis,train
..\kue_raw\train\kue_lapis\000049.jpg,kue_lapis,train
..\kue_raw\train\kue_lapis\000050.jpg,kue_lapis,train
..\kue_raw\train\kue_lapis\000051.jpg,kue_lapis,train
..\kue_raw\train\kue_lapis\000052.jpg,kue_lapis,train
..\kue_raw\train\kue_lapis\000053.jpg,kue_lapis,train
..\kue_raw\train\kue_lapis\000054.jpg,kue_lapis,train
..\kue_raw\train\kue_lapis\000055.jpg,kue_lapis,train
..\kue_raw\train\kue_lapis\000056.jpg,kue_lapis,train
..\kue_raw\train\kue_lapis\000057.jpg,kue_lapis,train
..\kue_raw\train\kue_lapis\000058.jpg,kue_lapis,train
..\kue_raw\train\kue_lapis\000059.jpg,kue_lapis,train
..\kue_raw\train\kue_lapis\000060.jpg,kue_lapis,train
..\kue_raw\train\kue_lapis\000061.jpg,kue_lapis,train
..\kue_raw\train\kue_lapis\000062.jpg,kue_lapis,train
..\kue_raw\train\kue_lapis\000063.jpg,kue_lapis,train
..\kue_raw\train\kue_lapis\000064.jpg,kue_lapis,train
..\kue_raw\train\kue_lapis\000065.jpg,kue_lapis,train
..\kue_raw\train\kue_lapis\000066.jpeg,kue_lapis,train
..\kue_raw\train\kue_lapis\000067.png,kue_lapis,train
..\kue_raw\train\kue_lapis\000068.jpg,kue_lapis,train
..\kue_raw\train\kue_lapis\000069.jpg,kue_lapis,train
..\kue_raw\train\kue_lapis\000070.jpg,kue_lapis,train
..\kue_raw\train\kue_lapis\000071.jpg,kue_lapis,train
..\kue_raw\train\kue_lapis\000072.jpg,kue_lapis,train
..\kue_raw\train\kue_lapis\000073.jpg,kue_lapis,train
..\kue_raw\train\kue_lapis\000074.jpg,kue_lapis,train
..\kue_raw\train\kue_lapis\000075.jpg,kue_lapis,train
..\kue_raw\train\kue_lapis\000076.jpg,kue_lapis,train
..\kue_raw\train\kue_lapis\000077.jpg,kue_lapis,train
..\kue_raw\train\kue_lapis\000078.jpg,kue_lapis,train
..\kue_raw\train\kue_lapis\000079.jpg,kue_lapis,train
..\kue_raw\train\kue_lapis\000080.jpg,kue_lapis,train
..\kue_raw\train\kue_lapis\000081.jpg,kue_lapis,train
..\kue_raw\train\kue_lapis\000082.jpg,kue_lapis,train
..\kue_raw\train\kue_lapis\000083.jpg,kue_lapis,train
..\kue_raw\train\kue_lapis\000084.jpg,kue_lapis,train
..\kue_raw\train\kue_lapis\000085.jpg,kue_lapis,train
..\kue_raw\train\kue_lapis\000086.jpg,kue_lapis,train
..\kue_raw\train\kue_lapis\000087.jpg,kue_lapis,train
..\kue_raw\train\kue_lapis\000088.jpg,kue_lapis,train
..\kue_raw\train\kue_lapis\000089.jpg,kue_lapis,train
..\kue_raw\train\kue_lapis\000090.jpg,kue_lapis,train
..\kue_raw\train\kue_lapis\000091.jpg,kue_lapis,train
..\kue_raw\train\kue_lapis\000092.jpg,kue_lapis,train
..\kue_raw\train\kue_lapis\000093.jpg,kue_lapis,train
..\kue_raw\train\kue_lapis\000094.jpg,kue_lapis,train
..\kue_raw\train\kue_lapis\000095.jpg,kue_lapis,train
..\kue_raw\train\kue_lapis\000096.jpg,kue_lapis,train
..\kue_raw\train\kue_lapis\000097.jpg,kue_lapis,train
..\kue_raw\train\kue_lapis\000098.jpg,kue_lapis,train
..\kue_raw\train\kue_lapis\000099.jpg,kue_lapis,train
..\kue_raw\train\kue_lapis\000100.jpg,kue_lapis,train
..\kue_raw\train\kue_lapis\000101.jpg,kue_lapis,train
..\kue_raw\train\kue_lapis\000102.jpg,kue_lapis,train
..\kue_raw\train\kue_lapis\000103.jpg,kue_lapis,train
..\kue_raw\train\kue_lapis\000104.jpg,kue_lapis,train
..\kue_raw\train\kue_lapis\000105.jpg,kue_lapis,train
..\kue_raw\train\kue_lapis\000106.jpg,kue_lapis,train
..\kue_raw\train\kue_lapis\000107.jpg,kue_lapis,train
..\kue_raw\train\kue_lapis\000108.jpg,kue_lapis,train
..\kue_raw\train\kue_lapis\000109.jpg,kue_lapis,train
..\kue_raw\train\kue_lapis\000110.jpeg,kue_lapis,train
..\kue_raw\train\kue_lapis\000111.jpg,kue_lapis,train
..\kue_raw\train\kue_lapis\000112.jpg,kue_lapis,train
..\kue_raw\train\kue_lapis\000113.jpg,kue_lapis,train
..\kue_raw\train\kue_lapis\000114.jpg,kue_lapis,train
..\kue_raw\train\kue_lapis\000115.jpg,kue_lapis,train
..\kue_raw\train\kue_lapis\000116.jpg,kue_lapis,train
..\kue_raw\train\kue_lapis\000117.jpg,kue_lapis,train
..\kue_raw\train\kue_lapis\000118.jpg,kue_lapis,train
..\kue_raw\train\kue_lapis\000119.jpg,kue_lapis,train
..\kue_raw\train\kue_lapis\000120.jpg,kue_lapis,train
..\kue_raw\train\kue_lapis\000121.jpg,kue_lapis,train
..\kue_raw\train\kue_lapis\000122.jpg,kue_lapis,train
..\kue_raw\train\kue_lapis\000123.jpg,kue_lapis,train
..\kue_raw\train\kue_lapis\000124.jpg,kue_lapis,train
..\kue_raw\train\kue_lapis\000125.jpg,kue_lapis,train
..\kue_raw\train\kue_lapis\000126.jpg,kue_lapis,train
..\kue_raw\train\kue_lapis\000127.jpg,kue_lapis,train
..\kue_raw\train\kue_lapis\000128.jpg,kue_lapis,train
..\kue_raw\train\kue_lapis\000129.jpg,kue_lapis,train
..\kue_raw\train\kue_lapis\000130.jpg,kue_lapis,train
..\kue_raw\train\kue_lapis\000131.jpg,kue_lapis,train
..\kue_raw\train\kue_lapis\000132.jpg,kue_lapis,train
..\kue_raw\train\kue_lapis\000133.jpg,kue_lapis,train
..\kue_raw\train\kue_lapis\000134.jpg,kue_lapis,train
..\kue_raw\train\kue_lapis\000135.jpg,kue_lapis,train
..\kue_raw\train\kue_lapis\000136.jpg,kue_lapis,train
..\kue_raw\train\kue_lapis\000137.jpg,kue_lapis,train
..\kue_raw\train\kue_lapis\000138.jpg,kue_lapis,train
..\kue_raw\train\kue_lapis\000139.jpg,kue_lapis,train
..\kue_raw\train\kue_lapis\000140.jpg,kue_lapis,train
..\kue_raw\train\kue_lapis\000141.jpg,kue_lapis,train
..\kue_raw\train\kue_lapis\000142.jpg,kue_lapis,train
..\kue_raw\train\kue_lapis\000143.jpg,kue_lapis,train
..\kue_raw\train\kue_lapis\000144.jpg,kue_lapis,train
..\kue_raw\train\kue_lapis\000145.jpg,kue_lapis,train
..\kue_raw\train\kue_lapis\000146.jpg,kue_lapis,train
..\kue_raw\train\kue_lapis\000147.jpg,kue_lapis,train
..\kue_raw\train\kue_lapis\000148.jpg,kue_lapis,train
..\kue_raw\train\kue_lapis\000149.jpg,kue_lapis,train
..\kue_raw\train\kue_lapis\000150.jpg,kue_lapis,train
..\kue_raw\train\kue_lapis\000151.jpg,kue_lapis,train
..\kue_raw\train\kue_lapis\000152.jpg,kue_lapis,train
..\kue_raw\train\kue_lapis\000153.png,kue_lapis,train
..\kue_raw\train\kue_lapis\000154.jpg,kue_lapis,train
..\kue_raw\train\kue_lapis\000155.jpg,kue_lapis,train
..\kue_raw\train\kue_lapis\000156.jpg,kue_lapis,train
..\kue_raw\train\kue_lapis\000157.jpg,kue_lapis,train
..\kue_raw\train\kue_lapis\000158.jpg,kue_lapis,train
..\kue_raw\train\kue_lapis\000159.jpg,kue_lapis,train
..\kue_raw\train\kue_lapis\000160.jpg,kue_lapis,train
..\kue_raw\train\kue_lapis\000161.jpg,kue_lapis,train
..\kue_raw\train\kue_lapis\000162.jpg,kue_lapis,train
..\kue_raw\train\kue_lapis\000163.jpg,kue_lapis,train
..\kue_raw\train\kue_lapis\000164.jpg,kue_lapis,train
..\kue_raw\train\kue_lapis\000165.jpg,kue_lapis,train
..\kue_raw\train\kue_lapis\000166.jpg,kue_lapis,train
..\kue_raw\train\kue_lapis\000167.jpg,kue_lapis,train
..\kue_raw\train\kue_lapis\000168.jpg,kue_lapis,train
..\kue_raw\train\kue_lapis\000169.jpg,kue_lapis,train
..\kue_raw\train\kue_lapis\000170.jpg,kue_lapis,train
..\kue_raw\train\kue_lapis\000171.jpg,kue_lapis,train
..\kue_raw\train\kue_lapis\000172.jpg,kue_lapis,train
..\kue_raw\train\kue_lapis\000173.jpg,kue_lapis,train
..\kue_raw\train\kue_lapis\000174.png,kue_lapis,train
..\kue_raw\train\kue_lapis\000175.jpg,kue_lapis,train
..\kue_raw\train\kue_lapis\000176.jpg,kue_lapis,train
..\kue_raw\train\kue_lapis\000177.jpg,kue_lapis,train
..\kue_raw\train\kue_lapis\000178.jpg,kue_lapis,train
..\kue_raw\train\kue_lapis\000179.jpg,kue_lapis,train
..\kue_raw\train\kue_lapis\000180.png,kue_lapis,train
..\kue_raw\train\kue_lapis\000181.jpg,kue_lapis,train
..\kue_raw\train\kue_lapis\000182.jpg,kue_lapis,train
..\kue_raw\train\kue_lapis\000183.jpg,kue_lapis,train
..\kue_raw\train\kue_lapis\000184.jpg,kue_lapis,train
..\kue_raw\train\kue_lapis\000185.jpg,kue_lapis,train
..\kue_raw\train\kue_lapis\000186.jpg,kue_lapis,train
..\kue_raw\train\kue_lapis\000187.jpg,kue_lapis,train
..\kue_raw\train\kue_lapis\000188.jpg,kue_lapis,train
..\kue_raw\train\kue_lapis\000189.jpg,kue_lapis,train
..\kue_raw\train\kue_lapis\000190.jpg,kue_lapis,train
..\kue_raw\train\kue_lapis\000191.jpg,kue_lapis,train
..\kue_raw\train\kue_lapis\000192.jpg,kue_lapis,train
..\kue_raw\train\kue_lapis\000193.jpg,kue_lapis,train
..\kue_raw\train\kue_lapis\000194.jpg,kue_lapis,train
..\kue_raw\train\kue_lapis\000195.jpg,kue_lapis,train
..\kue_raw\train\kue_lapis\000196.jpg,kue_lapis,train
..\kue_raw\train\kue_lapis\000197.jpg,kue_lapis,train
..\kue_raw\train\kue_lapis\000198.jpg,kue_lapis,train
..\kue_raw\train\kue_lapis\000199.jpg,kue_lapis,train
..\kue_raw\train\kue_lapis\000200.jpg,kue_lapis,train
..\kue_raw\train\kue_lapis\000201.jpg,kue_lapis,train
..\kue_raw\train\kue_lumpur\000001.jpg,kue_lumpur,train
..\kue_raw\train\kue_lumpur\000002.jpg,kue_lumpur,train
..\kue_raw\train\kue_lumpur\000003.jpg,kue_lumpur,train
..\kue_raw\train\kue_lumpur\000004.jpg,kue_lumpur,train
..\kue_raw\train\kue_lumpur\000005.jpg,kue_lumpur,train
..\kue_raw\train\kue_lumpur\000006.jpg,kue_lumpur,train
..\kue_raw\train\kue_lumpur\000007.jpg,kue_lumpur,train
..\kue_raw\train\kue_lumpur\000008.jpg,kue_lumpur,train
..\kue_raw\train\kue_lumpur\000009.jpg,kue_lumpur,train
..\kue_raw\train\kue_lumpur\000010.jpg,kue_lumpur,train
..\kue_raw\train\kue_lumpur\000011.jpg,kue_lumpur,train
..\kue_raw\train\kue_lumpur\000012.jpg,kue_lumpur,train
..\kue_raw\train\kue_lumpur\000013.jpg,kue_lumpur,train
..\kue_raw\train\kue_lumpur\000014.jpg,kue_lumpur,train
..\kue_raw\train\kue_lumpur\000015.jpg,kue_lumpur,train
..\kue_raw\train\kue_lumpur\000016.jpg,kue_lumpur,train
..\kue_raw\train\kue_lumpur\000017.jpg,kue_lumpur,train
..\kue_raw\train\kue_lumpur\000018.png,kue_lumpur,train
..\kue_raw\train\kue_lumpur\000019.jpg,kue_lumpur,train
..\kue_raw\train\kue_lumpur\000020.jpg,kue_lumpur,train
..\kue_raw\train\kue_lumpur\000021.jpg,kue_lumpur,train
..\kue_raw\train\kue_lumpur\000022.jpg,kue_lumpur,train
..\kue_raw\train\kue_lumpur\000023.jpg,kue_lumpur,train
..\kue_raw\train\kue_lumpur\000024.jpg,kue_lumpur,train
..\kue_raw\train\kue_lumpur\000025.jpg,kue_lumpur,train
..\kue_raw\train\kue_lumpur\000026.jpg,kue_lumpur,train
..\kue_raw\train\kue_lumpur\000027.jpg,kue_lumpur,train
..\kue_raw\train\kue_lumpur\000028.jpg,kue_lumpur,train
..\kue_raw\train\kue_lumpur\000029.jpg,kue_lumpur,train
..\kue_raw\train\kue_lumpur\000030.jpg,kue_lumpur,train
..\kue_raw\train\kue_lumpur\000031.jpg,kue_lumpur,train
..\kue_raw\train\kue_lumpur\000032.jpg,kue_lumpur,train
..\kue_raw\train\kue_lumpur\000033.jpg,kue_lumpur,train
..\kue_raw\train\kue_lumpur\000034.jpg,kue_lumpur,train
..\kue_raw\train\kue_lumpur\000035.jpg,kue_lumpur,train
..\kue_raw\train\kue_lumpur\000036.jpg,kue_lumpur,train
..\kue_raw\train\kue_lumpur\000037.jpg,kue_lumpur,train
..\kue_raw\train\kue_lumpur\000038.jpg,kue_lumpur,train
..\kue_raw\train\kue_lumpur\000039.jpg,kue_lumpur,train
..\kue_raw\train\kue_lumpur\000040.jpg,kue_lumpur,train
..\kue_raw\train\kue_lumpur\000041.jpg,kue_lumpur,train
..\kue_raw\train\kue_lumpur\000042.jpg,kue_lumpur,train
..\kue_raw\train\kue_lumpur\000043.jpg,kue_lumpur,train
..\kue_raw\train\kue_lumpur\000044.jpg,kue_lumpur,train
..\kue_raw\train\kue_lumpur\000045.jpg,kue_lumpur,train
..\kue_raw\train\kue_lumpur\000046.jpeg,kue_lumpur,train
..\kue_raw\train\kue_lumpur\000047.jpg,kue_lumpur,train
..\kue_raw\train\kue_lumpur\000048.jpg,kue_lumpur,train
..\kue_raw\train\kue_lumpur\000049.jpg,kue_lumpur,train
..\kue_raw\train\kue_lumpur\000050.jpg,kue_lumpur,train
..\kue_raw\train\kue_lumpur\000051.jpg,kue_lumpur,train
..\kue_raw\train\kue_lumpur\000052.jpg,kue_lumpur,train
..\kue_raw\train\kue_lumpur\000053.jpg,kue_lumpur,train
..\kue_raw\train\kue_lumpur\000054.jpg,kue_lumpur,train
..\kue_raw\train\kue_lumpur\000055.jpg,kue_lumpur,train
..\kue_raw\train\kue_lumpur\000056.jpg,kue_lumpur,train
..\kue_raw\train\kue_lumpur\000057.jpg,kue_lumpur,train
..\kue_raw\train\kue_lumpur\000058.jpg,kue_lumpur,train
..\kue_raw\train\kue_lumpur\000059.jpg,kue_lumpur,train
..\kue_raw\train\kue_lumpur\000060.jpeg,kue_lumpur,train
..\kue_raw\train\kue_lumpur\000061.jpg,kue_lumpur,train
..\kue_raw\train\kue_lumpur\000062.jpg,kue_lumpur,train
..\kue_raw\train\kue_lumpur\000063.jpg,kue_lumpur,train
..\kue_raw\train\kue_lumpur\000064.jpg,kue_lumpur,train
..\kue_raw\train\kue_lumpur\000065.jpg,kue_lumpur,train
..\kue_raw\train\kue_lumpur\000066.jpg,kue_lumpur,train
..\kue_raw\train\kue_lumpur\000067.jpg,kue_lumpur,train
..\kue_raw\train\kue_lumpur\000068.jpg,kue_lumpur,train
..\kue_raw\train\kue_lumpur\000069.jpg,kue_lumpur,train
..\kue_raw\train\kue_lumpur\000070.jpg,kue_lumpur,train
..\kue_raw\train\kue_lumpur\000071.jpg,kue_lumpur,train
..\kue_raw\train\kue_lumpur\000072.jpg,kue_lumpur,train
..\kue_raw\train\kue_lumpur\000073.jpg,kue_lumpur,train
..\kue_raw\train\kue_lumpur\000074.jpg,kue_lumpur,train
..\kue_raw\train\kue_lumpur\000075.jpg,kue_lumpur,train
..\kue_raw\train\kue_lumpur\000076.jpg,kue_lumpur,train
..\kue_raw\train\kue_lumpur\000077.jpg,kue_lumpur,train
..\kue_raw\train\kue_lumpur\000078.jpg,kue_lumpur,train
..\kue_raw\train\kue_lumpur\000079.jpg,kue_lumpur,train
..\kue_raw\train\kue_lumpur\000080.jpg,kue_lumpur,train
..\kue_raw\train\kue_lumpur\000081.jpg,kue_lumpur,train
..\kue_raw\train\kue_lumpur\000082.jpg,kue_lumpur,train
..\kue_raw\train\kue_lumpur\000083.jpg,kue_lumpur,train
..\kue_raw\train\kue_lumpur\000084.jpg,kue_lumpur,train
..\kue_raw\train\kue_lumpur\000085.jpg,kue_lumpur,train
..\kue_raw\train\kue_lumpur\000086.jpg,kue_lumpur,train
..\kue_raw\train\kue_lumpur\000087.jpg,kue_lumpur,train
..\kue_raw\train\kue_lumpur\000088.jpg,kue_lumpur,train
..\kue_raw\train\kue_lumpur\000089.jpg,kue_lumpur,train
..\kue_raw\train\kue_lumpur\000090.jpg,kue_lumpur,train
..\kue_raw\train\kue_lumpur\000091.jpg,kue_lumpur,train
..\kue_raw\train\kue_lumpur\000092.jpg,kue_lumpur,train
..\kue_raw\train\kue_lumpur\000093.jpg,kue_lumpur,train
..\kue_raw\train\kue_lumpur\000094.jpg,kue_lumpur,train
..\kue_raw\train\kue_lumpur\000095.jpg,kue_lumpur,train
..\kue_raw\train\kue_lumpur\000096.jpg,kue_lumpur,train
..\kue_raw\train\kue_lumpur\000097.jpg,kue_lumpur,train
..\kue_raw\train\kue_lumpur\000098.jpg,kue_lumpur,train
..\kue_raw\train\kue_lumpur\000099.jpg,kue_lumpur,train
..\kue_raw\train\kue_lumpur\000100.jpg,kue_lumpur,train
..\kue_raw\train\kue_lumpur\000101.jpg,kue_lumpur,train
..\kue_raw\train\kue_lumpur\000102.jpg,kue_lumpur,train
..\kue_raw\train\kue_lumpur\000103.jpg,kue_lumpur,train
..\kue_raw\train\kue_lumpur\000104.jpg,kue_lumpur,train
..\kue_raw\train\kue_lumpur\000105.jpg,kue_lumpur,train
..\kue_raw\train\kue_lumpur\000106.jpg,kue_lumpur,train
..\kue_raw\train\kue_lumpur\000107.jpg,kue_lumpur,train
..\kue_raw\train\kue_lumpur\000108.jpg,kue_lumpur,train
..\kue_raw\train\kue_lumpur\000109.jpg,kue_lumpur,train
..\kue_raw\train\kue_lumpur\000110.jpg,kue_lumpur,train
..\kue_raw\train\kue_lumpur\000111.jpg,kue_lumpur,train
..\kue_raw\train\kue_lumpur\000112.jpg,kue_lumpur,train
..\kue_raw\train\kue_lumpur\000113.jpg,kue_lumpur,train
..\kue_raw\train\kue_lumpur\000114.jpg,kue_lumpur,train
..\kue_raw\train\kue_lumpur\000115.jpg,kue_lumpur,train
..\kue_raw\train\kue_lumpur\000116.jpg,kue_lumpur,train
..\kue_raw\train\kue_lumpur\000117.jpg,kue_lumpur,train
..\kue_raw\train\kue_lumpur\000118.jpg,kue_lumpur,train
..\kue_raw\train\kue_lumpur\000119.jpg,kue_lumpur,train
..\kue_raw\train\kue_lumpur\000120.jpg,kue_lumpur,train
..\kue_raw\train\kue_lumpur\000121.jpg,kue_lumpur,train
..\kue_raw\train\kue_lumpur\000122.jpg,kue_lumpur,train
..\kue_raw\train\kue_lumpur\000123.jpg,kue_lumpur,train
..\kue_raw\train\kue_lumpur\000124.jpg,kue_lumpur,train
..\kue_raw\train\kue_lumpur\000125.jpg,kue_lumpur,train
..\kue_raw\train\kue_lumpur\000126.jpg,kue_lumpur,train
..\kue_raw\train\kue_lumpur\000127.jpg,kue_lumpur,train
..\kue_raw\train\kue_lumpur\000128.jpg,kue_lumpur,train
..\kue_raw\train\kue_lumpur\000129.jpg,kue_lumpur,train
..\kue_raw\train\kue_lumpur\000130.jpg,kue_lumpur,train
..\kue_raw\train\kue_lumpur\000131.jpg,kue_lumpur,train
..\kue_raw\train\kue_lumpur\000132.jpg,kue_lumpur,train
..\kue_raw\train\kue_lumpur\000133.jpg,kue_lumpur,train
..\kue_raw\train\kue_lumpur\000134.jpg,kue_lumpur,train
..\kue_raw\train\kue_lumpur\000135.jpg,kue_lumpur,train
..\kue_raw\train\kue_lumpur\000136.jpg,kue_lumpur,train
..\kue_raw\train\kue_lumpur\000137.jpg,kue_lumpur,train
..\kue_raw\train\kue_lumpur\000138.jpg,kue_lumpur,train
..\kue_raw\train\kue_lumpur\000139.jpg,kue_lumpur,train
..\kue_raw\train\kue_lumpur\000140.jpg,kue_lumpur,train
..\kue_raw\train\kue_lumpur\000141.jpg,kue_lumpur,train
..\kue_raw\train\kue_lumpur\000142.jpg,kue_lumpur,train
..\kue_raw\train\kue_lumpur\000143.jpg,kue_lumpur,train
..\kue_raw\train\kue_lumpur\000144.jpg,kue_lumpur,train
..\kue_raw\train\kue_lumpur\000145.jpg,kue_lumpur,train
..\kue_raw\train\kue_lumpur\000146.jpg,kue_lumpur,train
..\kue_raw\train\kue_lumpur\000147.jpg,kue_lumpur,train
..\kue_raw\train\kue_lumpur\000148.jpg,kue_lumpur,train
..\kue_raw\train\kue_lumpur\000149.jpg,kue_lumpur,train
..\kue_raw\train\kue_lumpur\000150.jpg,kue_lumpur,train
..\kue_raw\train\kue_lumpur\000151.jpg,kue_lumpur,train
..\kue_raw\train\kue_lumpur\000152.jpg,kue_lumpur,train
..\kue_raw\train\kue_lumpur\000153.jpeg,kue_lumpur,train
..\kue_raw\train\kue_lumpur\000154.jpg,kue_lumpur,train
..\kue_raw\train\kue_lumpur\000155.jpg,kue_lumpur,train
..\kue_raw\train\kue_lumpur\000156.jpg,kue_lumpur,train
..\kue_raw\train\kue_lumpur\000157.jpg,kue_lumpur,train
..\kue_raw\train\kue_lumpur\000158.jpg,kue_lumpur,train
..\kue_raw\train\kue_lumpur\000159.jpg,kue_lumpur,train
..\kue_raw\train\kue_lumpur\000160.jpg,kue_lumpur,train
..\kue_raw\train\kue_lumpur\000161.jpg,kue_lumpur,train
..\kue_raw\train\kue_lumpur\000162.jpg,kue_lumpur,train
..\kue_raw\train\kue_lumpur\000163.jpg,kue_lumpur,train
..\kue_raw\train\kue_lumpur\000164.jpg,kue_lumpur,train
..\kue_raw\train\kue_lumpur\000165.jpg,kue_lumpur,train
..\kue_raw\train\kue_lumpur\000166.jpg,kue_lumpur,train
..\kue_raw\train\kue_lumpur\000167.jpg,kue_lumpur,train
..\kue_raw\train\kue_lumpur\000168.jpg,kue_lumpur,train
..\kue_raw\train\kue_lumpur\000169.jpg,kue_lumpur,train
..\kue_raw\train\kue_lumpur\000170.jpg,kue_lumpur,train
..\kue_raw\train\kue_lumpur\000171.jpg,kue_lumpur,train
..\kue_raw\train\kue_lumpur\000172.jpg,kue_lumpur,train
..\kue_raw\train\kue_lumpur\000173.jpg,kue_lumpur,train
..\kue_raw\train\kue_lumpur\000174.jpg,kue_lumpur,train
..\kue_raw\train\kue_lumpur\000175.jpg,kue_lumpur,train
..\kue_raw\train\kue_lumpur\000176.jpg,kue_lumpur,train
..\kue_raw\train\kue_lumpur\000177.jpg,kue_lumpur,train
..\kue_raw\train\kue_lumpur\000178.jpg,kue_lumpur,train
..\kue_raw\train\kue_lumpur\000179.jpg,kue_lumpur,train
..\kue_raw\train\kue_lumpur\000180.jpg,kue_lumpur,train
..\kue_raw\train\kue_lumpur\000181.jpg,kue_lumpur,train
..\kue_raw\train\kue_lumpur\000182.jpg,kue_lumpur,train
..\kue_raw\train\kue_lumpur\000183.jpg,kue_lumpur,train
..\kue_raw\train\kue_lumpur\000184.jpg,kue_lumpur,train
..\kue_raw\train\kue_lumpur\000185.jpg,kue_lumpur,train
..\kue_raw\train\kue_lumpur\000186.png,kue_lumpur,train
..\kue_raw\train\kue_lumpur\000187.jpg,kue_lumpur,train
..\kue_raw\train\kue_lumpur\000188.jpg,kue_lumpur,train
..\kue_raw\train\kue_lumpur\000189.jpg,kue_lumpur,train
..\kue_raw\train\kue_lumpur\000190.jpeg,kue_lumpur,train
..\kue_raw\train\kue_lumpur\000191.jpg,kue_lumpur,train
..\kue_raw\train\kue_lumpur\000192.jpg,kue_lumpur,train
..\kue_raw\train\kue_lumpur\000193.jpg,kue_lumpur,train
..\kue_raw\train\kue_lumpur\000194.jpg,kue_lumpur,train
..\kue_raw\train\kue_lumpur\000195.jpg,kue_lumpur,train
..\kue_raw\train\kue_lumpur\000196.jpg,kue_lumpur,train
..\kue_raw\train\kue_lumpur\000197.jpg,kue_lumpur,train
..\kue_raw\train\kue_putri_salju\000001.jpg,kue_putri_salju,train
..\kue_raw\train\kue_putri_salju\000002.jpg,kue_putri_salju,train
..\kue_raw\train\kue_putri_salju\000003.jpg,kue_putri_salju,train
..\kue_raw\train\kue_putri_salju\000004.jpg,kue_putri_salju,train
..\kue_raw\train\kue_putri_salju\000005.jpg,kue_putri_salju,train
..\kue_raw\train\kue_putri_salju\000006.jpg,kue_putri_salju,train
..\kue_raw\train\kue_putri_salju\000007.jpg,kue_putri_salju,train
..\kue_raw\train\kue_putri_salju\000008.jpg,kue_putri_salju,train
..\kue_raw\train\kue_putri_salju\000009.jpg,kue_putri_salju,train
..\kue_raw\train\kue_putri_salju\000010.jpg,kue_putri_salju,train
..\kue_raw\train\kue_putri_salju\000011.jpg,kue_putri_salju,train
..\kue_raw\train\kue_putri_salju\000012.jpg,kue_putri_salju,train
..\kue_raw\train\kue_putri_salju\000013.jpg,kue_putri_salju,train
..\kue_raw\train\kue_putri_salju\000014.jpg,kue_putri_salju,train
..\kue_raw\train\kue_putri_salju\000015.jpg,kue_putri_salju,train
..\kue_raw\train\kue_putri_salju\000016.jpg,kue_putri_salju,train
..\kue_raw\train\kue_putri_salju\000017.jpg,kue_putri_salju,train
..\kue_raw\train\kue_putri_salju\000018.jpg,kue_putri_salju,train
..\kue_raw\train\kue_putri_salju\000019.jpg,kue_putri_salju,train
..\kue_raw\train\kue_putri_salju\000020.jpg,kue_putri_salju,train
..\kue_raw\train\kue_putri_salju\000021.jpg,kue_putri_salju,train
..\kue_raw\train\kue_putri_salju\000022.jpg,kue_putri_salju,train
..\kue_raw\train\kue_putri_salju\000023.jpg,kue_putri_salju,train
..\kue_raw\train\kue_putri_salju\000024.jpg,kue_putri_salju,train
..\kue_raw\train\kue_putri_salju\000025.jpg,kue_putri_salju,train
..\kue_raw\train\kue_putri_salju\000026.jpg,kue_putri_salju,train
..\kue_raw\train\kue_putri_salju\000027.jpg,kue_putri_salju,train
..\kue_raw\train\kue_putri_salju\000028.jpg,kue_putri_salju,train
..\kue_raw\train\kue_putri_salju\000029.jpg,kue_putri_salju,train
..\kue_raw\train\kue_putri_salju\000030.png,kue_putri_salju,train
..\kue_raw\train\kue_putri_salju\000031.jpg,kue_putri_salju,train
..\kue_raw\train\kue_putri_salju\000032.jpg,kue_putri_salju,train
..\kue_raw\train\kue_putri_salju\000033.jpg,kue_putri_salju,train
..\kue_raw\train\kue_putri_salju\000034.jpg,kue_putri_salju,train
..\kue_raw\train\kue_putri_salju\000035.jpg,kue_putri_salju,train
..\kue_raw\train\kue_putri_salju\000036.png,kue_putri_salju,train
..\kue_raw\train\kue_putri_salju\000037.jpg,kue_putri_salju,train
..\kue_raw\train\kue_putri_salju\000038.jpg,kue_putri_salju,train
..\kue_raw\train\kue_putri_salju\000039.jpg,kue_putri_salju,train
..\kue_raw\train\kue_putri_salju\000040.jpg,kue_putri_salju,train
..\kue_raw\train\kue_putri_salju\000041.jpg,kue_putri_salju,train
..\kue_raw\train\kue_putri_salju\000042.jpg,kue_putri_salju,train
..\kue_raw\train\kue_putri_salju\000043.jpg,kue_putri_salju,train
..\kue_raw\train\kue_putri_salju\000044.jpg,kue_putri_salju,train
..\kue_raw\train\kue_putri_salju\000045.jpg,kue_putri_salju,train
..\kue_raw\train\kue_putri_salju\000046.jpg,kue_putri_salju,train
..\kue_raw\train\kue_putri_salju\000047.jpg,kue_putri_salju,train
..\kue_raw\train\kue_putri_salju\000048.jpg,kue_putri_salju,train
..\kue_raw\train\kue_putri_salju\000049.jpg,kue_putri_salju,train
..\kue_raw\train\kue_putri_salju\000050.jpg,kue_putri_salju,train
..\kue_raw\train\kue_putri_salju\000051.jpg,kue_putri_salju,train
..\kue_raw\train\kue_putri_salju\000052.jpg,kue_putri_salju,train
..\kue_raw\train\kue_putri_salju\000053.jpg,kue_putri_salju,train
..\kue_raw\train\kue_putri_salju\000054.jpg,kue_putri_salju,train
..\kue_raw\train\kue_putri_salju\000055.jpg,kue_putri_salju,train
..\kue_raw\train\kue_putri_salju\000056.jpeg,kue_putri_salju,train
..\kue_raw\train\kue_putri_salju\000057.jpg,kue_putri_salju,train
..\kue_raw\train\kue_putri_salju\000058.jpg,kue_putri_salju,train
..\kue_raw\train\kue_putri_salju\000059.jpg,kue_putri_salju,train
..\kue_raw\train\kue_putri_salju\000060.jpg,kue_putri_salju,train
..\kue_raw\train\kue_putri_salju\000061.jpg,kue_putri_salju,train
..\kue_raw\train\kue_putri_salju\000062.jpg,kue_putri_salju,train
..\kue_raw\train\kue_putri_salju\000063.jpg,kue_putri_salju,train
..\kue_raw\train\kue_putri_salju\000064.jpg,kue_putri_salju,train
..\kue_raw\train\kue_putri_salju\000065.jpg,kue_putri_salju,train
..\kue_raw\train\kue_putri_salju\000066.jpg,kue_putri_salju,train
..\kue_raw\train\kue_putri_salju\000067.jpg,kue_putri_salju,train
..\kue_raw\train\kue_putri_salju\000068.jpg,kue_putri_salju,train
..\kue_raw\train\kue_putri_salju\000069.jpg,kue_putri_salju,train
..\kue_raw\train\kue_putri_salju\000070.jpg,kue_putri_salju,train
..\kue_raw\train\kue_putri_salju\000071.jpg,kue_putri_salju,train
..\kue_raw\train\kue_putri_salju\000072.jpg,kue_putri_salju,train
..\kue_raw\train\kue_putri_salju\000073.jpg,kue_putri_salju,train
..\kue_raw\train\kue_putri_salju\000074.jpg,kue_putri_salju,train
..\kue_raw\train\kue_putri_salju\000075.jpg,kue_putri_salju,train
..\kue_raw\train\kue_putri_salju\000076.jpg,kue_putri_salju,train
..\kue_raw\train\kue_putri_salju\000077.jpg,kue_putri_salju,train
..\kue_raw\train\kue_putri_salju\000078.jpg,kue_putri_salju,train
..\kue_raw\train\kue_putri_salju\000079.jpg,kue_putri_salju,train
..\kue_raw\train\kue_putri_salju\000080.jpg,kue_putri_salju,train
..\kue_raw\train\kue_putri_salju\000081.jpg,kue_putri_salju,train
..\kue_raw\train\kue_putri_salju\000082.jpg,kue_putri_salju,train
..\kue_raw\train\kue_putri_salju\000083.jpg,kue_putri_salju,train
..\kue_raw\train\kue_putri_salju\000084.jpg,kue_putri_salju,train
..\kue_raw\train\kue_putri_salju\000085.jpg,kue_putri_salju,train
..\kue_raw\train\kue_putri_salju\000086.jpg,kue_putri_salju,train
..\kue_raw\train\kue_putri_salju\000087.jpg,kue_putri_salju,train
..\kue_raw\train\kue_putri_salju\000088.jpg,kue_putri_salju,train
..\kue_raw\train\kue_putri_salju\000089.jpg,kue_putri_salju,train
..\kue_raw\train\kue_putri_salju\000090.jpg,kue_putri_salju,train
..\kue_raw\train\kue_putri_salju\000091.jpg,kue_putri_salju,train
..\kue_raw\train\kue_putri_salju\000092.jpg,kue_putri_salju,train
..\kue_raw\train\kue_putri_salju\000093.jpg,kue_putri_salju,train
..\kue_raw\train\kue_putri_salju\000094.jpg,kue_putri_salju,train
..\kue_raw\train\kue_putri_salju\000095.jpg,kue_putri_salju,train
..\kue_raw\train\kue_putri_salju\000096.jpg,kue_putri_salju,train
..\kue_raw\train\kue_putri_salju\000097.jpg,kue_putri_salju,train
..\kue_raw\train\kue_putri_salju\000098.jpg,kue_putri_salju,train
..\kue_raw\train\kue_putri_salju\000099.jpg,kue_putri_salju,train
..\kue_raw\train\kue_putri_salju\000100.jpg,kue_putri_salju,train
..\kue_raw\train\kue_putri_salju\000101.jpg,kue_putri_salju,train
..\kue_raw\train\kue_putri_salju\000102.jpg,kue_putri_salju,train
..\kue_raw\train\kue_putri_salju\000103.jpg,kue_putri_salju,train
..\kue_raw\train\kue_putri_salju\000104.jpg,kue_putri_salju,train
..\kue_raw\train\kue_putri_salju\000105.jpg,kue_putri_salju,train
..\kue_raw\train\kue_putri_salju\000106.jpg,kue_putri_salju,train
..\kue_raw\train\kue_putri_salju\000107.jpg,kue_putri_salju,train
..\kue_raw\train\kue_putri_salju\000108.jpg,kue_putri_salju,train
..\kue_raw\train\kue_putri_salju\000109.jpg,kue_putri_salju,train
..\kue_raw\train\kue_putri_salju\000110.jpg,kue_putri_salju,train
..\kue_raw\train\kue_putri_salju\000111.jpg,kue_putri_salju,train
..\kue_raw\train\kue_putri_salju\000112.jpg,kue_putri_salju,train
..\kue_raw\train\kue_putri_salju\000113.jpg,kue_putri_salju,train
..\kue_raw\train\kue_putri_salju\000114.jpg,kue_putri_salju,train
..\kue_raw\train\kue_putri_salju\000115.jpg,kue_putri_salju,train
..\kue_raw\train\kue_putri_salju\000116.jpg,kue_putri_salju,train
..\kue_raw\train\kue_putri_salju\000117.jpg,kue_putri_salju,train
..\kue_raw\train\kue_putri_salju\000118.jpg,kue_putri_salju,train
..\kue_raw\train\kue_putri_salju\000119.jpg,kue_putri_salju,train
..\kue_raw\train\kue_putri_salju\000120.jpg,kue_putri_salju,train
..\kue_raw\train\kue_putri_salju\000121.jpg,kue_putri_salju,train
..\kue_raw\train\kue_putri_salju\000122.jpg,kue_putri_salju,train
..\kue_raw\train\kue_putri_salju\000123.jpg,kue_putri_salju,train
..\kue_raw\train\kue_putri_salju\000124.jpg,kue_putri_salju,train
..\kue_raw\train\kue_putri_salju\000125.jpg,kue_putri_salju,train
..\kue_raw\train\kue_putri_salju\000126.jpg,kue_putri_salju,train
..\kue_raw\train\kue_putri_salju\000127.jpg,kue_putri_salju,train
..\kue_raw\train\kue_putri_salju\000128.jpg,kue_putri_salju,train
..\kue_raw\train\kue_putri_salju\000129.jpg,kue_putri_salju,train
..\kue_raw\train\kue_putri_salju\000130.jpg,kue_putri_salju,train
..\kue_raw\train\kue_putri_salju\000131.jpg,kue_putri_salju,train
..\kue_raw\train\kue_putri_salju\000132.jpg,kue_putri_salju,train
..\kue_raw\train\kue_putri_salju\000133.jpg,kue_putri_salju,train
..\kue_raw\train\kue_putri_salju\000134.jpg,kue_putri_salju,train
..\kue_raw\train\kue_putri_salju\000135.jpg,kue_putri_salju,train
..\kue_raw\train\kue_putri_salju\000136.jpeg,kue_putri_salju,train
..\kue_raw\train\kue_putri_salju\000137.jpg,kue_putri_salju,train
..\kue_raw\train\kue_putri_salju\000138.jpg,kue_putri_salju,train
..\kue_raw\train\kue_putri_salju\000139.jpg,kue_putri_salju,train
..\kue_raw\train\kue_putri_salju\000140.jpg,kue_putri_salju,train
..\kue_raw\train\kue_putri_salju\000141.jpg,kue_putri_salju,train
..\kue_raw\train\kue_putri_salju\000142.jpg,kue_putri_salju,train
..\kue_raw\train\kue_putri_salju\000143.jpg,kue_putri_salju,train
..\kue_raw\train\kue_putri_salju\000144.jpg,kue_putri_salju,train
..\kue_raw\train\kue_putri_salju\000145.jpg,kue_putri_salju,train
..\kue_raw\train\kue_putri_salju\000146.jpg,kue_putri_salju,train
..\kue_raw\train\kue_putri_salju\000147.jpg,kue_putri_salju,train
..\kue_raw\train\kue_putri_salju\000148.jpg,kue_putri_salju,train
..\kue_raw\train\kue_putri_salju\000149.jpg,kue_putri_salju,train
..\kue_raw\train\kue_putri_salju\000150.jpg,kue_putri_salju,train
..\kue_raw\train\kue_putri_salju\000151.png,kue_putri_salju,train
..\kue_raw\train\kue_putri_salju\000152.jpg,kue_putri_salju,train
..\kue_raw\train\kue_putri_salju\000153.jpg,kue_putri_salju,train
..\kue_raw\train\kue_putri_salju\000154.jpg,kue_putri_salju,train
..\kue_raw\train\kue_putri_salju\000155.jpg,kue_putri_salju,train
..\kue_raw\train\kue_putri_salju\000156.jpg,kue_putri_salju,train
..\kue_raw\train\kue_putri_salju\000157.jpg,kue_putri_salju,train
..\kue_raw\train\kue_putri_salju\000158.jpg,kue_putri_salju,train
..\kue_raw\train\kue_putri_salju\000159.jpg,kue_putri_salju,train
..\kue_raw\train\kue_putri_salju\000160.jpg,kue_putri_salju,train
..\kue_raw\train\kue_putri_salju\000161.jpg,kue_putri_salju,train
..\kue_raw\train\kue_putri_salju\000162.jpg,kue_putri_salju,train
..\kue_raw\train\kue_putri_salju\000163.jpg,kue_putri_salju,train
..\kue_raw\train\kue_putri_salju\000164.jpg,kue_putri_salju,train
..\kue_raw\train\kue_putri_salju\000165.jpg,kue_putri_salju,train
..\kue_raw\train\kue_putri_salju\000166.jpg,kue_putri_salju,train
..\kue_raw\train\kue_putri_salju\000167.jpg,kue_putri_salju,train
..\kue_raw\train\kue_putri_salju\000168.jpg,kue_putri_salju,train
..\kue_raw\train\kue_putri_salju\000169.jpg,kue_putri_salju,train
..\kue_raw\train\kue_putri_salju\000170.jpg,kue_putri_salju,train
..\kue_raw\train\kue_putri_salju\000171.jpg,kue_putri_salju,train
..\kue_raw\train\kue_putri_salju\000172.jpg,kue_putri_salju,train
..\kue_raw\train\kue_risoles\000001.jpg,kue_risoles,train
..\kue_raw\train\kue_risoles\000002.jpg,kue_risoles,train
..\kue_raw\train\kue_risoles\000003.jpg,kue_risoles,train
..\kue_raw\train\kue_risoles\000004.jpg,kue_risoles,train
..\kue_raw\train\kue_risoles\000005.jpg,kue_risoles,train
..\kue_raw\train\kue_risoles\000006.jpg,kue_risoles,train
..\kue_raw\train\kue_risoles\000007.jpg,kue_risoles,train
..\kue_raw\train\kue_risoles\000008.jpg,kue_risoles,train
..\kue_raw\train\kue_risoles\000009.jpg,kue_risoles,train
..\kue_raw\train\kue_risoles\000010.jpg,kue_risoles,train
..\kue_raw\train\kue_risoles\000011.jpg,kue_risoles,train
..\kue_raw\train\kue_risoles\000012.jpg,kue_risoles,train
..\kue_raw\train\kue_risoles\000013.jpg,kue_risoles,train
..\kue_raw\train\kue_risoles\000014.jpg,kue_risoles,train
..\kue_raw\train\kue_risoles\000015.jpg,kue_risoles,train
..\kue_raw\train\kue_risoles\000016.jpg,kue_risoles,train
..\kue_raw\train\kue_risoles\000017.jpg,kue_risoles,train
..\kue_raw\train\kue_risoles\000018.jpg,kue_risoles,train
..\kue_raw\train\kue_risoles\000019.png,kue_risoles,train
..\kue_raw\train\kue_risoles\000020.jpg,kue_risoles,train
..\kue_raw\train\kue_risoles\000021.jpg,kue_risoles,train
..\kue_raw\train\kue_risoles\000022.jpg,kue_risoles,train
..\kue_raw\train\kue_risoles\000023.jpg,kue_risoles,train
..\kue_raw\train\kue_risoles\000024.jpg,kue_risoles,train
..\kue_raw\train\kue_risoles\000025.jpg,kue_risoles,train
..\kue_raw\train\kue_risoles\000026.jpg,kue_risoles,train
..\kue_raw\train\kue_risoles\000027.jpg,kue_risoles,train
..\kue_raw\train\kue_risoles\000028.jpg,kue_risoles,train
..\kue_raw\train\kue_risoles\000029.jpg,kue_risoles,train
..\kue_raw\train\kue_risoles\000030.jpg,kue_risoles,train
..\kue_raw\train\kue_risoles\000031.jpg,kue_risoles,train
..\kue_raw\train\kue_risoles\000032.jpg,kue_risoles,train
..\kue_raw\train\kue_risoles\000033.jpg,kue_risoles,train
..\kue_raw\train\kue_risoles\000034.jpg,kue_risoles,train
..\kue_raw\train\kue_risoles\000035.jpg,kue_risoles,train
..\kue_raw\train\kue_risoles\000036.jpg,kue_risoles,train
..\kue_raw\train\kue_risoles\000037.jpg,kue_risoles,train
..\kue_raw\train\kue_risoles\000038.jpg,kue_risoles,train
..\kue_raw\train\kue_risoles\000039.jpg,kue_risoles,train
..\kue_raw\train\kue_risoles\000040.jpg,kue_risoles,train
..\kue_raw\train\kue_risoles\000041.jpg,kue_risoles,train
..\kue_raw\train\kue_risoles\000042.jpg,kue_risoles,train
..\kue_raw\train\kue_risoles\000043.jpg,kue_risoles,train
..\kue_raw\train\kue_risoles\000044.jpg,kue_risoles,train
..\kue_raw\train\kue_risoles\000045.jpg,kue_risoles,train
..\kue_raw\train\kue_risoles\000046.jpg,kue_risoles,train
..\kue_raw\train\kue_risoles\000047.jpg,kue_risoles,train
..\kue_raw\train\kue_risoles\000048.jpg,kue_risoles,train
..\kue_raw\train\kue_risoles\000049.png,kue_risoles,train
..\kue_raw\train\kue_risoles\000050.jpg,kue_risoles,train
..\kue_raw\train\kue_risoles\000051.jpg,kue_risoles,train
..\kue_raw\train\kue_risoles\000052.jpg,kue_risoles,train
..\kue_raw\train\kue_risoles\000053.jpg,kue_risoles,train
..\kue_raw\train\kue_risoles\000054.jpg,kue_risoles,train
..\kue_raw\train\kue_risoles\000055.jpg,kue_risoles,train
..\kue_raw\train\kue_risoles\000056.jpg,kue_risoles,train
..\kue_raw\train\kue_risoles\000057.jpg,kue_risoles,train
..\kue_raw\train\kue_risoles\000058.jpg,kue_risoles,train
..\kue_raw\train\kue_risoles\000059.jpg,kue_risoles,train
..\kue_raw\train\kue_risoles\000060.jpg,kue_risoles,train
..\kue_raw\train\kue_risoles\000061.jpg,kue_risoles,train
..\kue_raw\train\kue_risoles\000062.jpg,kue_risoles,train
..\kue_raw\train\kue_risoles\000063.jpg,kue_risoles,train
..\kue_raw\train\kue_risoles\000064.jpg,kue_risoles,train
..\kue_raw\train\kue_risoles\000065.jpg,kue_risoles,train
..\kue_raw\train\kue_risoles\000066.jpg,kue_risoles,train
..\kue_raw\train\kue_risoles\000067.jpg,kue_risoles,train
..\kue_raw\train\kue_risoles\000068.jpg,kue_risoles,train
..\kue_raw\train\kue_risoles\000069.jpg,kue_risoles,train
..\kue_raw\train\kue_risoles\000070.jpg,kue_risoles,train
..\kue_raw\train\kue_risoles\000071.jpg,kue_risoles,train
..\kue_raw\train\kue_risoles\000072.png,kue_risoles,train
..\kue_raw\train\kue_risoles\000073.jpg,kue_risoles,train
..\kue_raw\train\kue_risoles\000074.jpg,kue_risoles,train
..\kue_raw\train\kue_risoles\000075.jpg,kue_risoles,train
..\kue_raw\train\kue_risoles\000076.png,kue_risoles,train
..\kue_raw\train\kue_risoles\000077.png,kue_risoles,train
..\kue_raw\train\kue_risoles\000078.jpg,kue_risoles,train
..\kue_raw\train\kue_risoles\000079.jpg,kue_risoles,train
..\kue_raw\train\kue_risoles\000080.jpg,kue_risoles,train
..\kue_raw\train\kue_risoles\000081.jpg,kue_risoles,train
..\kue_raw\train\kue_risoles\000082.jpg,kue_risoles,train
..\kue_raw\train\kue_risoles\000083.jpg,kue_risoles,train
..\kue_raw\train\kue_risoles\000084.jpg,kue_risoles,train
..\kue_raw\train\kue_risoles\000085.jpg,kue_risoles,train
..\kue_raw\train\kue_risoles\000086.jpg,kue_risoles,train
..\kue_raw\train\kue_risoles\000087.jpg,kue_risoles,train
..\kue_raw\train\kue_risoles\000088.jpg,kue_risoles,train
..\kue_raw\train\kue_risoles\000089.jpg,kue_risoles,train
..\kue_raw\train\kue_risoles\000090.jpg,kue_risoles,train
..\kue_raw\train\kue_risoles\000091.jpg,kue_risoles,train
..\kue_raw\train\kue_risoles\000092.jpg,kue_risoles,train
..\kue_raw\train\kue_risoles\000093.png,kue_risoles,train
..\kue_raw\train\kue_risoles\000094.jpg,kue_risoles,train
..\kue_raw\train\kue_risoles\000095.jpg,kue_risoles,train
..\kue_raw\train\kue_risoles\000096.jpg,kue_risoles,train
..\kue_raw\train\kue_risoles\000097.jpg,kue_risoles,train
..\kue_raw\train\kue_risoles\000098.jpg,kue_risoles,train
..\kue_raw\train\kue_risoles\000099.jpg,kue_risoles,train
..\kue_raw\train\kue_risoles\000100.jpg,kue_risoles,train
..\kue_raw\train\kue_risoles\000101.jpg,kue_risoles,train
..\kue_raw\train\kue_risoles\000102.jpg,kue_risoles,train
..\kue_raw\train\kue_risoles\000103.jpg,kue_risoles,train
..\kue_raw\train\kue_risoles\000104.jpg,kue_risoles,train
..\kue_raw\train\kue_risoles\000105.jpg,kue_risoles,train
..\kue_raw\train\kue_risoles\000106.jpg,kue_risoles,train
..\kue_raw\train\kue_risoles\000107.jpg,kue_risoles,train
..\kue_raw\train\kue_risoles\000108.jpg,kue_risoles,train
..\kue_raw\train\kue_risoles\000109.jpg,kue_risoles,train
..\kue_raw\train\kue_risoles\000110.jpg,kue_risoles,train
..\kue_raw\train\kue_risoles\000111.jpg,kue_risoles,train
..\kue_raw\train\kue_risoles\000112.jpg,kue_risoles,train
..\kue_raw\train\kue_risoles\000113.jpg,kue_risoles,train
..\kue_raw\train\kue_risoles\000114.jpg,kue_risoles,train
..\kue_raw\train\kue_risoles\000115.jpg,kue_risoles,train
..\kue_raw\train\kue_risoles\000116.jpg,kue_risoles,train
..\kue_raw\train\kue_risoles\000117.jpg,kue_risoles,train
..\kue_raw\train\kue_risoles\000118.jpg,kue_risoles,train
..\kue_raw\train\kue_risoles\000119.jpg,kue_risoles,train
..\kue_raw\train\kue_risoles\000120.jpg,kue_risoles,train
..\kue_raw\train\kue_risoles\000121.jpg,kue_risoles,train
..\kue_raw\train\kue_risoles\000122.jpg,kue_risoles,train
..\kue_raw\train\kue_risoles\000123.jpg,kue_risoles,train
..\kue_raw\train\kue_risoles\000124.jpg,kue_risoles,train
..\kue_raw\train\kue_risoles\000125.jpg,kue_risoles,train
..\kue_raw\train\kue_risoles\000126.jpg,kue_risoles,train
..\kue_raw\train\kue_risoles\000127.jpg,kue_risoles,train
..\kue_raw\train\kue_risoles\000128.jpg,kue_risoles,train
..\kue_raw\train\kue_risoles\000129.jpg,kue_risoles,train
..\kue_raw\train\kue_risoles\000130.png,kue_risoles,train
..\kue_raw\train\kue_risoles\000131.jpg,kue_risoles,train
..\kue_raw\train\kue_risoles\000132.jpg,kue_risoles,train
..\kue_raw\train\kue_risoles\000133.jpg,kue_risoles,train
..\kue_raw\train\kue_risoles\000134.jpg,kue_risoles,train
..\kue_raw\train\kue_risoles\000135.jpg,kue_risoles,train
..\kue_raw\train\kue_risoles\000136.jpg,kue_risoles,train
..\kue_raw\train\kue_risoles\000137.jpg,kue_risoles,train
..\kue_raw\train\kue_risoles\000138.jpg,kue_risoles,train
..\kue_raw\train\kue_risoles\000139.jpg,kue_risoles,train
..\kue_raw\train\kue_risoles\000140.png,kue_risoles,train
..\kue_raw\train\kue_risoles\000141.jpg,kue_risoles,train
..\kue_raw\train\kue_risoles\000142.jpg,kue_risoles,train
..\kue_raw\train\kue_risoles\000143.jpg,kue_risoles,train
..\kue_raw\train\kue_risoles\000144.jpg,kue_risoles,train
..\kue_raw\train\kue_risoles\000145.jpg,kue_risoles,train
..\kue_raw\train\kue_risoles\000146.jpg,kue_risoles,train
..\kue_raw\train\kue_risoles\000147.jpg,kue_risoles,train
..\kue_raw\train\kue_risoles\000148.jpg,kue_risoles,train
..\kue_raw\train\kue_risoles\000149.jpg,kue_risoles,train
..\kue_raw\train\kue_risoles\000150.jpg,kue_risoles,train
..\kue_raw\train\kue_risoles\000151.jpg,kue_risoles,train
..\kue_raw\train\kue_risoles\000152.jpg,kue_risoles,train
..\kue_raw\train\kue_risoles\000153.jpeg,kue_risoles,train
..\kue_raw\train\kue_risoles\000154.jpg,kue_risoles,train
..\kue_raw\train\kue_risoles\000155.jpg,kue_risoles,train
..\kue_raw\train\kue_risoles\000156.jpg,kue_risoles,train
..\kue_raw\train\kue_risoles\000157.jpg,kue_risoles,train
..\kue_raw\train\kue_risoles\000158.png,kue_risoles,train
..\kue_raw\train\kue_risoles\000159.jpg,kue_risoles,train
..\kue_raw\train\kue_risoles\000160.jpg,kue_risoles,train
..\kue_raw\train\kue_risoles\000161.jpg,kue_risoles,train
..\kue_raw\train\kue_risoles\000162.jpg,kue_risoles,train
..\kue_raw\train\kue_risoles\000163.jpg,kue_risoles,train
..\kue_raw\train\kue_risoles\000164.jpg,kue_risoles,train
..\kue_raw\train\kue_risoles\000165.jpg,kue_risoles,train
..\kue_raw\train\kue_risoles\000166.jpg,kue_risoles,train
..\kue_raw\train\kue_risoles\000167.jpg,kue_risoles,train
..\kue_raw\train\kue_risoles\000168.jpg,kue_risoles,train
..\kue_raw\train\kue_risoles\000169.jpg,kue_risoles,train
..\kue_raw\train\kue_risoles\000170.jpg,kue_risoles,train
..\kue_raw\train\kue_risoles\000171.jpg,kue_risoles,train
..\kue_raw\train\kue_risoles\000172.jpg,kue_risoles,train
..\kue_raw\train\kue_risoles\000173.jpg,kue_risoles,train
..\kue_raw\train\kue_risoles\000174.jpg,kue_risoles,train
..\kue_raw\train\kue_risoles\000175.jpg,kue_risoles,train
..\kue_raw\train\kue_risoles\000176.jpg,kue_risoles,train
..\kue_raw\train\kue_risoles\000177.jpg,kue_risoles,train
..\kue_raw\train\kue_risoles\000178.jpg,kue_risoles,train
..\kue_raw\train\kue_risoles\000179.jpg,kue_risoles,train
..\kue_raw\train\kue_risoles\000180.jpg,kue_risoles,train
..\kue_raw\train\kue_risoles\000181.jpg,kue_risoles,train
..\kue_raw\train\kue_risoles\000182.jpg,kue_risoles,train
..\kue_raw\train\kue_risoles\000183.jpg,kue_risoles,train
..\kue_raw\train\kue_risoles\000184.jpg,kue_risoles,train
..\kue_raw\train\kue_risoles\000185.jpg,kue_risoles,train
..\kue_raw\train\kue_risoles\000186.jpg,kue_risoles,train
..\kue_raw\train\kue_risoles\000187.jpg,kue_risoles,train
..\kue_raw\train\kue_risoles\000188.jpg,kue_risoles,train
..\kue_raw\train\kue_risoles\000189.jpg,kue_risoles,train
..\kue_raw\train\kue_risoles\000190.jpg,kue_risoles,train
..\kue_raw\train\kue_risoles\000191.jpg,kue_risoles,train
..\kue_raw\train\kue_risoles\000192.jpg,kue_risoles,train
..\kue_raw\train\kue_risoles\000193.jpg,kue_risoles,train
..\kue_raw\train\kue_risoles\000194.jpg,kue_risoles,train
..\kue_raw\train\kue_risoles\000195.jpg,kue_risoles,train
..\kue_raw\train\kue_risoles\000196.jpg,kue_risoles,train
..\kue_raw\train\kue_serabi\000001.jpg,kue_serabi,train
..\kue_raw\train\kue_serabi\000002.jpg,kue_serabi,train
..\kue_raw\train\kue_serabi\000003.jpg,kue_serabi,train
..\kue_raw\train\kue_serabi\000004.jpg,kue_serabi,train
..\kue_raw\train\kue_serabi\000005.jpg,kue_serabi,train
..\kue_raw\train\kue_serabi\000006.png,kue_serabi,train
..\kue_raw\train\kue_serabi\000007.jpg,kue_serabi,train
..\kue_raw\train\kue_serabi\000008.jpg,kue_serabi,train
..\kue_raw\train\kue_serabi\000009.jpg,kue_serabi,train
..\kue_raw\train\kue_serabi\000010.jpg,kue_serabi,train
..\kue_raw\train\kue_serabi\000011.jpg,kue_serabi,train
..\kue_raw\train\kue_serabi\000012.jpg,kue_serabi,train
..\kue_raw\train\kue_serabi\000013.jpg,kue_serabi,train
..\kue_raw\train\kue_serabi\000014.jpg,kue_serabi,train
..\kue_raw\train\kue_serabi\000015.jpg,kue_serabi,train
..\kue_raw\train\kue_serabi\000016.jpg,kue_serabi,train
..\kue_raw\train\kue_serabi\000017.jpg,kue_serabi,train
..\kue_raw\train\kue_serabi\000018.jpg,kue_serabi,train
..\kue_raw\train\kue_serabi\000019.jpg,kue_serabi,train
..\kue_raw\train\kue_serabi\000020.jpg,kue_serabi,train
..\kue_raw\train\kue_serabi\000021.jpg,kue_serabi,train
..\kue_raw\train\kue_serabi\000022.jpg,kue_serabi,train
..\kue_raw\train\kue_serabi\000023.jpg,kue_serabi,train
..\kue_raw\train\kue_serabi\000024.jpg,kue_serabi,train
..\kue_raw\train\kue_serabi\000025.jpg,kue_serabi,train
..\kue_raw\train\kue_serabi\000026.jpg,kue_serabi,train
..\kue_raw\train\kue_serabi\000027.jpg,kue_serabi,train
..\kue_raw\train\kue_serabi\000028.jpg,kue_serabi,train
..\kue_raw\train\kue_serabi\000029.jpg,kue_serabi,train
..\kue_raw\train\kue_serabi\000030.jpg,kue_serabi,train
..\kue_raw\train\kue_serabi\000031.jpg,kue_serabi,train
..\kue_raw\train\kue_serabi\000032.jpg,kue_serabi,train
..\kue_raw\train\kue_serabi\000033.jpg,kue_serabi,train
..\kue_raw\train\kue_serabi\000034.jpg,kue_serabi,train
..\kue_raw\train\kue_serabi\000035.jpg,kue_serabi,train
..\kue_raw\train\kue_serabi\000036.jpg,kue_serabi,train
..\kue_raw\train\kue_serabi\000037.jpg,kue_serabi,train
..\kue_raw\train\kue_serabi\000038.jpg,kue_serabi,train
..\kue_raw\train\kue_serabi\000039.jpg,kue_serabi,train
..\kue_raw\train\kue_serabi\000040.jpg,kue_serabi,train
..\kue_raw\train\kue_serabi\000041.jpg,kue_serabi,train
..\kue_raw\train\kue_serabi\000042.jpg,kue_serabi,train
..\kue_raw\train\kue_serabi\000043.jpg,kue_serabi,train
..\kue_raw\train\kue_serabi\000044.jpg,kue_serabi,train
..\kue_raw\train\kue_serabi\000045.jpg,kue_serabi,train
..\kue_raw\train\kue_serabi\000046.jpg,kue_serabi,train
..\kue_raw\train\kue_serabi\000047.jpg,kue_serabi,train
..\kue_raw\train\kue_serabi\000048.jpg,kue_serabi,train
..\kue_raw\train\kue_serabi\000049.jpg,kue_serabi,train
..\kue_raw\train\kue_serabi\000050.jpg,kue_serabi,train
..\kue_raw\train\kue_serabi\000051.jpg,kue_serabi,train
..\kue_raw\train\kue_serabi\000052.jpg,kue_serabi,train
..\kue_raw\train\kue_serabi\000053.jpg,kue_serabi,train
..\kue_raw\train\kue_serabi\000054.jpg,kue_serabi,train
..\kue_raw\train\kue_serabi\000055.jpg,kue_serabi,train
..\kue_raw\train\kue_serabi\000056.jpg,kue_serabi,train
..\kue_raw\train\kue_serabi\000057.jpg,kue_serabi,train
..\kue_raw\train\kue_serabi\000058.jpg,kue_serabi,train
..\kue_raw\train\kue_serabi\000059.jpg,kue_serabi,train
..\kue_raw\train\kue_serabi\000060.jpg,kue_serabi,train
..\kue_raw\train\kue_serabi\000061.jpg,kue_serabi,train
..\kue_raw\train\kue_serabi\000062.jpg,kue_serabi,train
..\kue_raw\train\kue_serabi\000063.jpg,kue_serabi,train
..\kue_raw\train\kue_serabi\000064.jpg,kue_serabi,train
..\kue_raw\train\kue_serabi\000065.png,kue_serabi,train
..\kue_raw\train\kue_serabi\000066.jpeg,kue_serabi,train
..\kue_raw\train\kue_serabi\000067.jpg,kue_serabi,train
..\kue_raw\train\kue_serabi\000068.jpg,kue_serabi,train
..\kue_raw\train\kue_serabi\000069.jpg,kue_serabi,train
..\kue_raw\train\kue_serabi\000070.jpg,kue_serabi,train
..\kue_raw\train\kue_serabi\000071.jpg,kue_serabi,train
..\kue_raw\train\kue_serabi\000072.jpg,kue_serabi,train
..\kue_raw\train\kue_serabi\000073.jpg,kue_serabi,train
..\kue_raw\train\kue_serabi\000074.jpg,kue_serabi,train
..\kue_raw\train\kue_serabi\000075.jpg,kue_serabi,train
..\kue_raw\train\kue_serabi\000076.jpg,kue_serabi,train
..\kue_raw\train\kue_serabi\000077.jpg,kue_serabi,train
..\kue_raw\train\kue_serabi\000078.jpg,kue_serabi,train
..\kue_raw\train\kue_serabi\000079.jpg,kue_serabi,train
..\kue_raw\train\kue_serabi\000080.jpg,kue_serabi,train
..\kue_raw\train\kue_serabi\000081.jpg,kue_serabi,train
..\kue_raw\train\kue_serabi\000082.jpg,kue_serabi,train
..\kue_raw\train\kue_serabi\000083.jpg,kue_serabi,train
..\kue_raw\train\kue_serabi\000084.jpg,kue_serabi,train
..\kue_raw\train\kue_serabi\000085.jpg,kue_serabi,train
..\kue_raw\train\kue_serabi\000086.jpg,kue_serabi,train
..\kue_raw\train\kue_serabi\000087.jpg,kue_serabi,train
..\kue_raw\train\kue_serabi\000088.jpg,kue_serabi,train
..\kue_raw\train\kue_serabi\000089.png,kue_serabi,train
..\kue_raw\train\kue_serabi\000090.jpg,kue_serabi,train
..\kue_raw\train\kue_serabi\000091.jpg,kue_serabi,train
..\kue_raw\train\kue_serabi\000092.jpg,kue_serabi,train
..\kue_raw\train\kue_serabi\000093.jpg,kue_serabi,train
..\kue_raw\train\kue_serabi\000094.jpg,kue_serabi,train
..\kue_raw\train\kue_serabi\000095.jpg,kue_serabi,train
..\kue_raw\train\kue_serabi\000096.jpg,kue_serabi,train
..\kue_raw\train\kue_serabi\000097.jpg,kue_serabi,train
..\kue_raw\train\kue_serabi\000098.jpg,kue_serabi,train
..\kue_raw\train\kue_serabi\000099.jpg,kue_serabi,train
..\kue_raw\train\kue_serabi\000100.jpg,kue_serabi,train
..\kue_raw\train\kue_serabi\000101.jpg,kue_serabi,train
..\kue_raw\train\kue_serabi\000102.jpg,kue_serabi,train
..\kue_raw\train\kue_serabi\000103.jpg,kue_serabi,train
..\kue_raw\train\kue_serabi\000104.jpg,kue_serabi,train
..\kue_raw\train\kue_serabi\000105.jpg,kue_serabi,train
..\kue_raw\train\kue_serabi\000106.jpg,kue_serabi,train
..\kue_raw\train\kue_serabi\000107.jpg,kue_serabi,train
..\kue_raw\train\kue_serabi\000108.jpg,kue_serabi,train
..\kue_raw\train\kue_serabi\000109.jpg,kue_serabi,train
..\kue_raw\train\kue_serabi\000110.jpg,kue_serabi,train
..\kue_raw\train\kue_serabi\000111.jpg,kue_serabi,train
..\kue_raw\train\kue_serabi\000112.jpg,kue_serabi,train
..\kue_raw\train\kue_serabi\000113.jpg,kue_serabi,train
..\kue_raw\train\kue_serabi\000114.jpg,kue_serabi,train
..\kue_raw\train\kue_serabi\000115.jpg,kue_serabi,train
..\kue_raw\train\kue_serabi\000116.jpg,kue_serabi,train
..\kue_raw\train\kue_serabi\000117.jpg,kue_serabi,train
..\kue_raw\train\kue_serabi\000118.jpg,kue_serabi,train
..\kue_raw\train\kue_serabi\000119.jpg,kue_serabi,train
..\kue_raw\train\kue_serabi\000120.jpg,kue_serabi,train
..\kue_raw\train\kue_serabi\000121.png,kue_serabi,train
..\kue_raw\train\kue_serabi\000122.jpg,kue_serabi,train
..\kue_raw\train\kue_serabi\000123.jpg,kue_serabi,train
..\kue_raw\train\kue_serabi\000124.jpg,kue_serabi,train
..\kue_raw\train\kue_serabi\000125.jpg,kue_serabi,train
..\kue_raw\train\kue_serabi\000126.jpg,kue_serabi,train
..\kue_raw\train\kue_serabi\000127.jpg,kue_serabi,train
..\kue_raw\train\kue_serabi\000128.jpg,kue_serabi,train
..\kue_raw\train\kue_serabi\000129.jpg,kue_serabi,train
..\kue_raw\train\kue_serabi\000130.jpg,kue_serabi,train
..\kue_raw\train\kue_serabi\000131.jpg,kue_serabi,train
..\kue_raw\train\kue_serabi\000132.jpg,kue_serabi,train
..\kue_raw\train\kue_serabi\000133.png,kue_serabi,train
..\kue_raw\train\kue_serabi\000134.jpg,kue_serabi,train
..\kue_raw\train\kue_serabi\000135.jpg,kue_serabi,train
..\kue_raw\train\kue_serabi\000136.jpg,kue_serabi,train
..\kue_raw\train\kue_serabi\000137.jpg,kue_serabi,train
..\kue_raw\train\kue_serabi\000138.jpg,kue_serabi,train
..\kue_raw\train\kue_serabi\000139.jpg,kue_serabi,train
..\kue_raw\train\kue_serabi\000140.jpg,kue_serabi,train
..\kue_raw\train\kue_serabi\000141.jpg,kue_serabi,train
..\kue_raw\train\kue_serabi\000142.jpg,kue_serabi,train
..\kue_raw\train\kue_serabi\000143.jpg,kue_serabi,train
..\kue_raw\train\kue_serabi\000144.jpg,kue_serabi,train
..\kue_raw\train\kue_serabi\000145.jpg,kue_serabi,train
..\kue_raw\train\kue_serabi\000146.jpg,kue_serabi,train
..\kue_raw\train\kue_serabi\000147.jpg,kue_serabi,train
..\kue_raw\train\kue_serabi\000148.jpg,kue_serabi,train
..\kue_raw\train\kue_serabi\000149.jpg,kue_serabi,train
..\kue_raw\train\kue_serabi\000150.jpg,kue_serabi,train
..\kue_raw\train\kue_serabi\000151.jpg,kue_serabi,train
..\kue_raw\train\kue_serabi\000152.jpg,kue_serabi,train
..\kue_raw\train\kue_serabi\000153.jpg,kue_serabi,train
..\kue_raw\train\kue_serabi\000154.jpg,kue_serabi,train
..\kue_raw\train\kue_serabi\000155.jpg,kue_serabi,train
..\kue_raw\train\kue_serabi\000156.jpg,kue_serabi,train
..\kue_raw\train\kue_serabi\000157.jpg,kue_serabi,train
..\kue_raw\train\kue_serabi\000158.jpg,kue_serabi,train
..\kue_raw\train\kue_serabi\000159.jpg,kue_serabi,train
..\kue_raw\train\kue_serabi\000160.jpg,kue_serabi,train
..\kue_raw\train\kue_serabi\000161.jpg,kue_serabi,train
..\kue_raw\train\kue_serabi\000162.jpg,kue_serabi,train
..\kue_raw\train\kue_serabi\000163.jpg,kue_serabi,train
..\kue_raw\train\kue_serabi\000164.jpg,kue_serabi,train
..\kue_raw\train\kue_serabi\000165.jpg,kue_serabi,train
..\kue_raw\train\kue_serabi\000166.jpg,kue_serabi,train
..\kue_raw\train\kue_serabi\000167.jpg,kue_serabi,train
..\kue_raw\train\kue_serabi\000168.jpg,kue_serabi,train
..\kue_raw\train\kue_serabi\000169.jpg,kue_serabi,train
..\kue_raw\train\kue_serabi\000170.jpg,kue_serabi,train
..\kue_raw\train\kue_serabi\000171.jpg,kue_serabi,train
..\kue_raw\train\kue_serabi\000172.jpg,kue_serabi,train
..\kue_raw\train\kue_serabi\000173.jpg,kue_serabi,train
..\kue_raw\train\kue_serabi\000174.jpg,kue_serabi,train
..\kue_raw\train\kue_serabi\000175.jpg,kue_serabi,train
..\kue_raw\train\kue_serabi\000176.jpg,kue_serabi,train
..\kue_raw\train\kue_serabi\000177.jpg,kue_serabi,train
..\kue_raw\train\kue_serabi\000178.jpg,kue_serabi,train
..\kue_raw\train\kue_serabi\000179.jpg,kue_serabi,train
..\kue_raw\train\kue_serabi\000180.jpg,kue_serabi,train
